Workbook

Sheet Training_Data
A1: Sample_ID | B1: H2 | C1: CH4 | D1: C2H6 | E1: C2H4 | F1: C2H2 | G1: CO | H1: CO2 | I1: H2_Score | J1: CH4_Score | K1: C2H6_Score | L1: C2H4_Score | M1: C2H2_Score | N1: CO_Score | O1: CO2_Score | P1: HI | Q1: Condition | R1: Binary_HI | S1: Rule_Check
A2: SYN-00001 | B2: 15.576 | C2: 90.537 | D2: 18.372 | E2: 9.128 | F2: 0.147 | G2: 263.772 | H2: 1420.246 | I2: =ROUND(IF(B2<=Thresholds!$B$2,1-(B2/Thresholds!$B$2)*0.24,IF(B2<=Thresholds!$D$2,0.75-((B2-Thresholds!$C$2)/(Thresholds!$D$2-Thresholds!$C$2))*0.249,IF(B2<=Thresholds!$F$2,0.499-((B2-Thresholds!$E$2)/(Thresholds!$F$2-Thresholds!$E$2))*0.279,MAX(0.02,0.2-((B2-Thresholds!$G$2)/(Thresholds!$H$2-Thresholds!$G$2))*0.18)))),3) -> 0.963 | J2: =ROUND(IF(C2<=Thresholds!$B$3,1-(C2/Thresholds!$B$3)*0.24,IF(C2<=Thresholds!$D$3,0.75-((C2-Thresholds!$C$3)/(Thresholds!$D$3-Thresholds!$C$3))*0.249,IF(C2<=Thresholds!$F$3,0.499-((C2-Thresholds!$E$3)/(Thresholds!$F$3-Thresholds!$E$3))*0.279,MAX(0.02,0.2-((C2-Thresholds!$G$3)/(Thresholds!$H$3-Thresholds!$G$3))*0.18)))),3) -> 0.819 | K2: =ROUND(IF(D2<=Thresholds!$B$4,1-(D2/Thresholds!$B$4)*0.24,IF(D2<=Thresholds!$D$4,0.75-((D2-Thresholds!$C$4)/(Thresholds!$D$4-Thresholds!$C$4))*0.249,IF(D2<=Thresholds!$F$4,0.499-((D2-Thresholds!$E$4)/(Thresholds!$F$4-Thresholds!$E$4))*0.279,MAX(0.02,0.2-((D2-Thresholds!$G$4)/(Thresholds!$H$4-Thresholds!$G$4))*0.18)))),3) -> 0.932 | L2: =ROUND(IF(E2<=Thresholds!$B$5,1-(E2/Thresholds!$B$5)*0.24,IF(E2<=Thresholds!$D$5,0.75-((E2-Thresholds!$C$5)/(Thresholds!$D$5-Thresholds!$C$5))*0.249,IF(E2<=Thresholds!$F$5,0.499-((E2-Thresholds!$E$5)/(Thresholds!$F$5-Thresholds!$E$5))*0.279,MAX(0.02,0.2-((E2-Thresholds!$G$5)/(Thresholds!$H$5-Thresholds!$G$5))*0.18)))),3) -> 0.956 | M2: =ROUND(IF(F2<=Thresholds!$B$6,1-(F2/Thresholds!$B$6)*0.24,IF(F2<=Thresholds!$D$6,0.75-((F2-Thresholds!$C$6)/(Thresholds!$D$6-Thresholds!$C$6))*0.249,IF(F2<=Thresholds!$F$6,0.499-((F2-Thresholds!$E$6)/(Thresholds!$F$6-Thresholds!$E$6))*0.279,MAX(0.02,0.2-((F2-Thresholds!$G$6)/(Thresholds!$H$6-Thresholds!$G$6))*0.18)))),3) -> 0.965 | N2: =ROUND(IF(G2<=Thresholds!$B$7,1-(G2/Thresholds!$B$7)*0.24,IF(G2<=Thresholds!$D$7,0.75-((G2-Thresholds!$C$7)/(Thresholds!$D$7-Thresholds!$C$7))*0.249,IF(G2<=Thresholds!$F$7,0.499-((G2-Thresholds!$E$7)/(Thresholds!$F$7-Thresholds!$E$7))*0.279,MAX(0.02,0.2-((G2-Thresholds!$G$7)/(Thresholds!$H$7-Thresholds!$G$7))*0.18)))),3) -> 0.819 | O2: =ROUND(IF(H2<=Thresholds!$B$8,1-(H2/Thresholds!$B$8)*0.24,IF(H2<=Thresholds!$D$8,0.75-((H2-Thresholds!$C$8)/(Thresholds!$D$8-Thresholds!$C$8))*0.249,IF(H2<=Thresholds!$F$8,0.499-((H2-Thresholds!$E$8)/(Thresholds!$F$8-Thresholds!$E$8))*0.279,MAX(0.02,0.2-((H2-Thresholds!$G$8)/(Thresholds!$H$8-Thresholds!$G$8))*0.18)))),3) -> 0.864 | P2: =ROUND(MIN(I2:O2),3) -> 0.819 | Q2: =IF(P2>=0.751,"Healthy",IF(P2>=0.501,"Moderate",IF(P2>=0.201,"Poor","Critical"))) -> Healthy | R2: =IF(P2>=0.5,1,0) -> 1 | S2: =IF(AND(F2>=10,F2<=35,P2>0.5),"ERROR_C2H2_POOR_CAP","OK") -> OK
A3: SYN-00002 | B3: 45.083 | C3: 9.397 | D3: 16.751 | E3: 26.504 | F3: 5.364 | G3: 528.265 | H3: 1668.476 | I3: =ROUND(IF(B3<=Thresholds!$B$2,1-(B3/Thresholds!$B$2)*0.24,IF(B3<=Thresholds!$D$2,0.75-((B3-Thresholds!$C$2)/(Thresholds!$D$2-Thresholds!$C$2))*0.249,IF(B3<=Thresholds!$F$2,0.499-((B3-Thresholds!$E$2)/(Thresholds!$F$2-Thresholds!$E$2))*0.279,MAX(0.02,0.2-((B3-Thresholds!$G$2)/(Thresholds!$H$2-Thresholds!$G$2))*0.18)))),3) -> 0.892 | J3: =ROUND(IF(C3<=Thresholds!$B$3,1-(C3/Thresholds!$B$3)*0.24,IF(C3<=Thresholds!$D$3,0.75-((C3-Thresholds!$C$3)/(Thresholds!$D$3-Thresholds!$C$3))*0.249,IF(C3<=Thresholds!$F$3,0.499-((C3-Thresholds!$E$3)/(Thresholds!$F$3-Thresholds!$E$3))*0.279,MAX(0.02,0.2-((C3-Thresholds!$G$3)/(Thresholds!$H$3-Thresholds!$G$3))*0.18)))),3) -> 0.981 | K3: =ROUND(IF(D3<=Thresholds!$B$4,1-(D3/Thresholds!$B$4)*0.24,IF(D3<=Thresholds!$D$4,0.75-((D3-Thresholds!$C$4)/(Thresholds!$D$4-Thresholds!$C$4))*0.249,IF(D3<=Thresholds!$F$4,0.499-((D3-Thresholds!$E$4)/(Thresholds!$F$4-Thresholds!$E$4))*0.279,MAX(0.02,0.2-((D3-Thresholds!$G$4)/(Thresholds!$H$4-Thresholds!$G$4))*0.18)))),3) -> 0.938 | L3: =ROUND(IF(E3<=Thresholds!$B$5,1-(E3/Thresholds!$B$5)*0.24,IF(E3<=Thresholds!$D$5,0.75-((E3-Thresholds!$C$5)/(Thresholds!$D$5-Thresholds!$C$5))*0.249,IF(E3<=Thresholds!$F$5,0.499-((E3-Thresholds!$E$5)/(Thresholds!$F$5-Thresholds!$E$5))*0.279,MAX(0.02,0.2-((E3-Thresholds!$G$5)/(Thresholds!$H$5-Thresholds!$G$5))*0.18)))),3) -> 0.873 | M3: =ROUND(IF(F3<=Thresholds!$B$6,1-(F3/Thresholds!$B$6)*0.24,IF(F3<=Thresholds!$D$6,0.75-((F3-Thresholds!$C$6)/(Thresholds!$D$6-Thresholds!$C$6))*0.249,IF(F3<=Thresholds!$F$6,0.499-((F3-Thresholds!$E$6)/(Thresholds!$F$6-Thresholds!$E$6))*0.279,MAX(0.02,0.2-((F3-Thresholds!$G$6)/(Thresholds!$H$6-Thresholds!$G$6))*0.18)))),3) -> 0.614 | N3: =ROUND(IF(G3<=Thresholds!$B$7,1-(G3/Thresholds!$B$7)*0.24,IF(G3<=Thresholds!$D$7,0.75-((G3-Thresholds!$C$7)/(Thresholds!$D$7-Thresholds!$C$7))*0.249,IF(G3<=Thresholds!$F$7,0.499-((G3-Thresholds!$E$7)/(Thresholds!$F$7-Thresholds!$E$7))*0.279,MAX(0.02,0.2-((G3-Thresholds!$G$7)/(Thresholds!$H$7-Thresholds!$G$7))*0.18)))),3) -> 0.548 | O3: =ROUND(IF(H3<=Thresholds!$B$8,1-(H3/Thresholds!$B$8)*0.24,IF(H3<=Thresholds!$D$8,0.75-((H3-Thresholds!$C$8)/(Thresholds!$D$8-Thresholds!$C$8))*0.249,IF(H3<=Thresholds!$F$8,0.499-((H3-Thresholds!$E$8)/(Thresholds!$F$8-Thresholds!$E$8))*0.279,MAX(0.02,0.2-((H3-Thresholds!$G$8)/(Thresholds!$H$8-Thresholds!$G$8))*0.18)))),3) -> 0.84 | P3: =ROUND(MIN(I3:O3),3) -> 0.548 | Q3: =IF(P3>=0.751,"Healthy",IF(P3>=0.501,"Moderate",IF(P3>=0.201,"Poor","Critical"))) -> Moderate | R3: =IF(P3>=0.5,1,0) -> 1 | S3: =IF(AND(F3>=10,F3<=35,P3>0.5),"ERROR_C3H3_POOR_CAP","OK") -> OK
A4: SYN-00003 | B4: 1118.54 | C4: 24.201 | D4: 29.346 | E4: 15.699 | F4: 0.255 | G4: 271.362 | H4: 367.749 | I4: =ROUND(IF(B4<=Thresholds!$B$2,1-(B4/Thresholds!$B$2)*0.24,IF(B4<=Thresholds!$D$2,0.75-((B4-Thresholds!$C$2)/(Thresholds!$D$2-Thresholds!$C$2))*0.249,IF(B4<=Thresholds!$F$2,0.499-((B4-Thresholds!$E$2)/(Thresholds!$F$2-Thresholds!$E$2))*0.279,MAX(0.02,0.2-((B4-Thresholds!$G$2)/(Thresholds!$H$2-Thresholds!$G$2))*0.18)))),3) -> 0.393 | J4: =ROUND(IF(C4<=Thresholds!$B$3,1-(C4/Thresholds!$B$3)*0.24,IF(C4<=Thresholds!$D$3,0.75-((C4-Thresholds!$C$3)/(Thresholds!$D$3-Thresholds!$C$3))*0.249,IF(C4<=Thresholds!$F$3,0.499-((C4-Thresholds!$E$3)/(Thresholds!$F$3-Thresholds!$E$3))*0.279,MAX(0.02,0.2-((C4-Thresholds!$G$3)/(Thresholds!$H$3-Thresholds!$G$3))*0.18)))),3) -> 0.952 | K4: =ROUND(IF(D4<=Thresholds!$B$4,1-(D4/Thresholds!$B$4)*0.24,IF(D4<=Thresholds!$D$4,0.75-((D4-Thresholds!$C$4)/(Thresholds!$D$4-Thresholds!$C$4))*0.249,IF(D4<=Thresholds!$F$4,0.499-((D4-Thresholds!$E$4)/(Thresholds!$F$4-Thresholds!$E$4))*0.279,MAX(0.02,0.2-((D4-Thresholds!$G$4)/(Thresholds!$H$4-Thresholds!$G$4))*0.18)))),3) -> 0.892 | L4: =ROUND(IF(E4<=Thresholds!$B$5,1-(E4/Thresholds!$B$5)*0.24,IF(E4<=Thresholds!$D$5,0.75-((E4-Thresholds!$C$5)/(Thresholds!$D$5-Thresholds!$C$5))*0.249,IF(E4<=Thresholds!$F$5,0.499-((E4-Thresholds!$E$5)/(Thresholds!$F$5-Thresholds!$E$5))*0.279,MAX(0.02,0.2-((E4-Thresholds!$G$5)/(Thresholds!$H$5-Thresholds!$G$5))*0.18)))),3) -> 0.925 | M4: =ROUND(IF(F4<=Thresholds!$B$6,1-(F4/Thresholds!$B$6)*0.24,IF(F4<=Thresholds!$D$6,0.75-((F4-Thresholds!$C$6)/(Thresholds!$D$6-Thresholds!$C$6))*0.249,IF(F4<=Thresholds!$F$6,0.499-((F4-Thresholds!$E$6)/(Thresholds!$F$6-Thresholds!$E$6))*0.279,MAX(0.02,0.2-((F4-Thresholds!$G$6)/(Thresholds!$H$6-Thresholds!$G$6))*0.18)))),3) -> 0.939 | N4: =ROUND(IF(G4<=Thresholds!$B$7,1-(G4/Thresholds!$B$7)*0.24,IF(G4<=Thresholds!$D$7,0.75-((G4-Thresholds!$C$7)/(Thresholds!$D$7-Thresholds!$C$7))*0.249,IF(G4<=Thresholds!$F$7,0.499-((G4-Thresholds!$E$7)/(Thresholds!$F$7-Thresholds!$E$7))*0.279,MAX(0.02,0.2-((G4-Thresholds!$G$7)/(Thresholds!$H$7-Thresholds!$G$7))*0.18)))),3) -> 0.814 | O4: =ROUND(IF(H4<=Thresholds!$B$8,1-(H4/Thresholds!$B$8)*0.24,IF(H4<=Thresholds!$D$8,0.75-((H4-Thresholds!$C$8)/(Thresholds!$D$8-Thresholds!$C$8))*0.249,IF(H4<=Thresholds!$F$8,0.499-((H4-Thresholds!$E$8)/(Thresholds!$F$8-Thresholds!$E$8))*0.279,MAX(0.02,0.2-((H4-Thresholds!$G$8)/(Thresholds!$H$8-Thresholds!$G$8))*0.18)))),3) -> 0.965 | P4: =ROUND(MIN(I4:O4),3) -> 0.393 | Q4: =IF(P4>=0.751,"Healthy",IF(P4>=0.501,"Moderate",IF(P4>=0.201,"Poor","Critical"))) -> Poor | R4: =IF(P4>=0.5,1,0) -> 0 | S4: =IF(AND(F4>=10,F4<=35,P4>0.5),"ERROR_C4H4_POOR_CAP","OK") -> OK
A5: SYN-00004 | B5: 62.354 | C5: 98.013 | D5: 274.581 | E5: 27.971 | F5: 0.974 | G5: 143.363 | H5: 1436.096 | I5: =ROUND(IF(B5<=Thresholds!$B$2,1-(B5/Thresholds!$B$2)*0.24,IF(B5<=Thresholds!$D$2,0.75-((B5-Thresholds!$C$2)/(Thresholds!$D$2-Thresholds!$C$2))*0.249,IF(B5<=Thresholds!$F$2,0.499-((B5-Thresholds!$E$2)/(Thresholds!$F$2-Thresholds!$E$2))*0.279,MAX(0.02,0.2-((B5-Thresholds!$G$2)/(Thresholds!$H$2-Thresholds!$G$2))*0.18)))),3) -> 0.85 | J5: =ROUND(IF(C5<=Thresholds!$B$3,1-(C5/Thresholds!$B$3)*0.24,IF(C5<=Thresholds!$D$3,0.75-((C5-Thresholds!$C$3)/(Thresholds!$D$3-Thresholds!$C$3))*0.249,IF(C5<=Thresholds!$F$3,0.499-((C5-Thresholds!$E$3)/(Thresholds!$F$3-Thresholds!$E$3))*0.279,MAX(0.02,0.2-((C5-Thresholds!$G$3)/(Thresholds!$H$3-Thresholds!$G$3))*0.18)))),3) -> 0.804 | K5: =ROUND(IF(D5<=Thresholds!$B$4,1-(D5/Thresholds!$B$4)*0.24,IF(D5<=Thresholds!$D$4,0.75-((D5-Thresholds!$C$4)/(Thresholds!$D$4-Thresholds!$C$4))*0.249,IF(D5<=Thresholds!$F$4,0.499-((D5-Thresholds!$E$4)/(Thresholds!$F$4-Thresholds!$E$4))*0.279,MAX(0.02,0.2-((D5-Thresholds!$G$4)/(Thresholds!$H$4-Thresholds!$G$4))*0.18)))),3) -> 0.347 | L5: =ROUND(IF(E5<=Thresholds!$B$5,1-(E5/Thresholds!$B$5)*0.24,IF(E5<=Thresholds!$D$5,0.75-((E5-Thresholds!$C$5)/(Thresholds!$D$5-Thresholds!$C$5))*0.249,IF(E5<=Thresholds!$F$5,0.499-((E5-Thresholds!$E$5)/(Thresholds!$F$5-Thresholds!$E$5))*0.279,MAX(0.02,0.2-((E5-Thresholds!$G$5)/(Thresholds!$H$5-Thresholds!$G$5))*0.18)))),3) -> 0.866 | M5: =ROUND(IF(F5<=Thresholds!$B$6,1-(F5/Thresholds!$B$6)*0.24,IF(F5<=Thresholds!$D$6,0.75-((F5-Thresholds!$C$6)/(Thresholds!$D$6-Thresholds!$C$6))*0.249,IF(F5<=Thresholds!$F$6,0.499-((F5-Thresholds!$E$6)/(Thresholds!$F$6-Thresholds!$E$6))*0.279,MAX(0.02,0.2-((F5-Thresholds!$G$6)/(Thresholds!$H$6-Thresholds!$G$6))*0.18)))),3) -> 0.766 | N5: =ROUND(IF(G5<=Thresholds!$B$7,1-(G5/Thresholds!$B$7)*0.24,IF(G5<=Thresholds!$D$7,0.75-((G5-Thresholds!$C$7)/(Thresholds!$D$7-Thresholds!$C$7))*0.249,IF(G5<=Thresholds!$F$7,0.499-((G5-Thresholds!$E$7)/(Thresholds!$F$7-Thresholds!$E$7))*0.279,MAX(0.02,0.2-((G5-Thresholds!$G$7)/(Thresholds!$H$7-Thresholds!$G$7))*0.18)))),3) -> 0.902 | O5: =ROUND(IF(H5<=Thresholds!$B$8,1-(H5/Thresholds!$B$8)*0.24,IF(H5<=Thresholds!$D$8,0.75-((H5-Thresholds!$C$8)/(Thresholds!$D$8-Thresholds!$C$8))*0.249,IF(H5<=Thresholds!$F$8,0.499-((H5-Thresholds!$E$8)/(Thresholds!$F$8-Thresholds!$E$8))*0.279,MAX(0.02,0.2-((H5-Thresholds!$G$8)/(Thresholds!$H$8-Thresholds!$G$8))*0.18)))),3) -> 0.862 | P5: =ROUND(MIN(I5:O5),3) -> 0.347 | Q5: =IF(P5>=0.751,"Healthy",IF(P5>=0.501,"Moderate",IF(P5>=0.201,"Poor","Critical"))) -> Poor | R5: =IF(P5>=0.5,1,0) -> 0 | S5: =IF(AND(F5>=10,F5<=35,P5>0.5),"ERROR_C5H5_POOR_CAP","OK") -> OK
A6: SYN-00005 | B6: 39.355 | C6: 27.921 | D6: 7.545 | E6: 33.91 | F6: 0.784 | G6: 345.086 | H6: 2156.38 | I6: =ROUND(IF(B6<=Thresholds!$B$2,1-(B6/Thresholds!$B$2)*0.24,IF(B6<=Thresholds!$D$2,0.75-((B6-Thresholds!$C$2)/(Thresholds!$D$2-Thresholds!$C$2))*0.249,IF(B6<=Thresholds!$F$2,0.499-((B6-Thresholds!$E$2)/(Thresholds!$F$2-Thresholds!$E$2))*0.279,MAX(0.02,0.2-((B6-Thresholds!$G$2)/(Thresholds!$H$2-Thresholds!$G$2))*0.18)))),3) -> 0.906 | J6: =ROUND(IF(C6<=Thresholds!$B$3,1-(C6/Thresholds!$B$3)*0.24,IF(C6<=Thresholds!$D$3,0.75-((C6-Thresholds!$C$3)/(Thresholds!$D$3-Thresholds!$C$3))*0.249,IF(C6<=Thresholds!$F$3,0.499-((C6-Thresholds!$E$3)/(Thresholds!$F$3-Thresholds!$E$3))*0.279,MAX(0.02,0.2-((C6-Thresholds!$G$3)/(Thresholds!$H$3-Thresholds!$G$3))*0.18)))),3) -> 0.944 | K6: =ROUND(IF(D6<=Thresholds!$B$4,1-(D6/Thresholds!$B$4)*0.24,IF(D6<=Thresholds!$D$4,0.75-((D6-Thresholds!$C$4)/(Thresholds!$D$4-Thresholds!$C$4))*0.249,IF(D6<=Thresholds!$F$4,0.499-((D6-Thresholds!$E$4)/(Thresholds!$F$4-Thresholds!$E$4))*0.279,MAX(0.02,0.2-((D6-Thresholds!$G$4)/(Thresholds!$H$4-Thresholds!$G$4))*0.18)))),3) -> 0.972 | L6: =ROUND(IF(E6<=Thresholds!$B$5,1-(E6/Thresholds!$B$5)*0.24,IF(E6<=Thresholds!$D$5,0.75-((E6-Thresholds!$C$5)/(Thresholds!$D$5-Thresholds!$C$5))*0.249,IF(E6<=Thresholds!$F$5,0.499-((E6-Thresholds!$E$5)/(Thresholds!$F$5-Thresholds!$E$5))*0.279,MAX(0.02,0.2-((E6-Thresholds!$G$5)/(Thresholds!$H$5-Thresholds!$G$5))*0.18)))),3) -> 0.837 | M6: =ROUND(IF(F6<=Thresholds!$B$6,1-(F6/Thresholds!$B$6)*0.24,IF(F6<=Thresholds!$D$6,0.75-((F6-Thresholds!$C$6)/(Thresholds!$D$6-Thresholds!$C$6))*0.249,IF(F6<=Thresholds!$F$6,0.499-((F6-Thresholds!$E$6)/(Thresholds!$F$6-Thresholds!$E$6))*0.279,MAX(0.02,0.2-((F6-Thresholds!$G$6)/(Thresholds!$H$6-Thresholds!$G$6))*0.18)))),3) -> 0.812 | N6: =ROUND(IF(G6<=Thresholds!$B$7,1-(G6/Thresholds!$B$7)*0.24,IF(G6<=Thresholds!$D$7,0.75-((G6-Thresholds!$C$7)/(Thresholds!$D$7-Thresholds!$C$7))*0.249,IF(G6<=Thresholds!$F$7,0.499-((G6-Thresholds!$E$7)/(Thresholds!$F$7-Thresholds!$E$7))*0.279,MAX(0.02,0.2-((G6-Thresholds!$G$7)/(Thresholds!$H$7-Thresholds!$G$7))*0.18)))),3) -> 0.763 | O6: =ROUND(IF(H6<=Thresholds!$B$8,1-(H6/Thresholds!$B$8)*0.24,IF(H6<=Thresholds!$D$8,0.75-((H6-Thresholds!$C$8)/(Thresholds!$D$8-Thresholds!$C$8))*0.249,IF(H6<=Thresholds!$F$8,0.499-((H6-Thresholds!$E$8)/(Thresholds!$F$8-Thresholds!$E$8))*0.279,MAX(0.02,0.2-((H6-Thresholds!$G$8)/(Thresholds!$H$8-Thresholds!$G$8))*0.18)))),3) -> 0.793 | P6: =ROUND(MIN(I6:O6),3) -> 0.763 | Q6: =IF(P6>=0.751,"Healthy",IF(P6>=0.501,"Moderate",IF(P6>=0.201,"Poor","Critical"))) -> Healthy | R6: =IF(P6>=0.5,1,0) -> 1 | S6: =IF(AND(F6>=10,F6<=35,P6>0.5),"ERROR_C6H6_POOR_CAP","OK") -> OK
A7: SYN-00006 | B7: 14.595 | C7: 37.689 | D7: 42.504 | E7: 19.83 | F7: 0.402 | G7: 87.161 | H7: 3905.045 | I7: =ROUND(IF(B7<=Thresholds!$B$2,1-(B7/Thresholds!$B$2)*0.24,IF(B7<=Thresholds!$D$2,0.75-((B7-Thresholds!$C$2)/(Thresholds!$D$2-Thresholds!$C$2))*0.249,IF(B7<=Thresholds!$F$2,0.499-((B7-Thresholds!$E$2)/(Thresholds!$F$2-Thresholds!$E$2))*0.279,MAX(0.02,0.2-((B7-Thresholds!$G$2)/(Thresholds!$H$2-Thresholds!$G$2))*0.18)))),3) -> 0.965 | J7: =ROUND(IF(C7<=Thresholds!$B$3,1-(C7/Thresholds!$B$3)*0.24,IF(C7<=Thresholds!$D$3,0.75-((C7-Thresholds!$C$3)/(Thresholds!$D$3-Thresholds!$C$3))*0.249,IF(C7<=Thresholds!$F$3,0.499-((C7-Thresholds!$E$3)/(Thresholds!$F$3-Thresholds!$E$3))*0.279,MAX(0.02,0.2-((C7-Thresholds!$G$3)/(Thresholds!$H$3-Thresholds!$G$3))*0.18)))),3) -> 0.925 | K7: =ROUND(IF(D7<=Thresholds!$B$4,1-(D7/Thresholds!$B$4)*0.24,IF(D7<=Thresholds!$D$4,0.75-((D7-Thresholds!$C$4)/(Thresholds!$D$4-Thresholds!$C$4))*0.249,IF(D7<=Thresholds!$F$4,0.499-((D7-Thresholds!$E$4)/(Thresholds!$F$4-Thresholds!$E$4))*0.279,MAX(0.02,0.2-((D7-Thresholds!$G$4)/(Thresholds!$H$4-Thresholds!$G$4))*0.18)))),3) -> 0.843 | L7: =ROUND(IF(E7<=Thresholds!$B$5,1-(E7/Thresholds!$B$5)*0.24,IF(E7<=Thresholds!$D$5,0.75-((E7-Thresholds!$C$5)/(Thresholds!$D$5-Thresholds!$C$5))*0.249,IF(E7<=Thresholds!$F$5,0.499-((E7-Thresholds!$E$5)/(Thresholds!$F$5-Thresholds!$E$5))*0.279,MAX(0.02,0.2-((E7-Thresholds!$G$5)/(Thresholds!$H$5-Thresholds!$G$5))*0.18)))),3) -> 0.905 | M7: =ROUND(IF(F7<=Thresholds!$B$6,1-(F7/Thresholds!$B$6)*0.24,IF(F7<=Thresholds!$D$6,0.75-((F7-Thresholds!$C$6)/(Thresholds!$D$6-Thresholds!$C$6))*0.249,IF(F7<=Thresholds!$F$6,0.499-((F7-Thresholds!$E$6)/(Thresholds!$F$6-Thresholds!$E$6))*0.279,MAX(0.02,0.2-((F7-Thresholds!$G$6)/(Thresholds!$H$6-Thresholds!$G$6))*0.18)))),3) -> 0.904 | N7: =ROUND(IF(G7<=Thresholds!$B$7,1-(G7/Thresholds!$B$7)*0.24,IF(G7<=Thresholds!$D$7,0.75-((G7-Thresholds!$C$7)/(Thresholds!$D$7-Thresholds!$C$7))*0.249,IF(G7<=Thresholds!$F$7,0.499-((G7-Thresholds!$E$7)/(Thresholds!$F$7-Thresholds!$E$7))*0.279,MAX(0.02,0.2-((G7-Thresholds!$G$7)/(Thresholds!$H$7-Thresholds!$G$7))*0.18)))),3) -> 0.94 | O7: =ROUND(IF(H7<=Thresholds!$B$8,1-(H7/Thresholds!$B$8)*0.24,IF(H7<=Thresholds!$D$8,0.75-((H7-Thresholds!$C$8)/(Thresholds!$D$8-Thresholds!$C$8))*0.249,IF(H7<=Thresholds!$F$8,0.499-((H7-Thresholds!$E$8)/(Thresholds!$F$8-Thresholds!$E$8))*0.279,MAX(0.02,0.2-((H7-Thresholds!$G$8)/(Thresholds!$H$8-Thresholds!$G$8))*0.18)))),3) -> 0.517 | P7: =ROUND(MIN(I7:O7),3) -> 0.517 | Q7: =IF(P7>=0.751,"Healthy",IF(P7>=0.501,"Moderate",IF(P7>=0.201,"Poor","Critical"))) -> Moderate | R7: =IF(P7>=0.5,1,0) -> 1 | S7: =IF(AND(F7>=10,F7<=35,P7>0.5),"ERROR_C7H7_POOR_CAP","OK") -> OK
A8: SYN-00007 | B8: 593.26 | C8: 66.892 | D8: 18.367 | E8: 24.457 | F8: 15.49 | G8: 325.193 | H8: 1759.385 | I8: =ROUND(IF(B8<=Thresholds!$B$2,1-(B8/Thresholds!$B$2)*0.24,IF(B8<=Thresholds!$D$2,0.75-((B8-Thresholds!$C$2)/(Thresholds!$D$2-Thresholds!$C$2))*0.249,IF(B8<=Thresholds!$F$2,0.499-((B8-Thresholds!$E$2)/(Thresholds!$F$2-Thresholds!$E$2))*0.279,MAX(0.02,0.2-((B8-Thresholds!$G$2)/(Thresholds!$H$2-Thresholds!$G$2))*0.18)))),3) -> 0.545 | J8: =ROUND(IF(C8<=Thresholds!$B$3,1-(C8/Thresholds!$B$3)*0.24,IF(C8<=Thresholds!$D$3,0.75-((C8-Thresholds!$C$3)/(Thresholds!$D$3-Thresholds!$C$3))*0.249,IF(C8<=Thresholds!$F$3,0.499-((C8-Thresholds!$E$3)/(Thresholds!$F$3-Thresholds!$E$3))*0.279,MAX(0.02,0.2-((C8-Thresholds!$G$3)/(Thresholds!$H$3-Thresholds!$G$3))*0.18)))),3) -> 0.866 | K8: =ROUND(IF(D8<=Thresholds!$B$4,1-(D8/Thresholds!$B$4)*0.24,IF(D8<=Thresholds!$D$4,0.75-((D8-Thresholds!$C$4)/(Thresholds!$D$4-Thresholds!$C$4))*0.249,IF(D8<=Thresholds!$F$4,0.499-((D8-Thresholds!$E$4)/(Thresholds!$F$4-Thresholds!$E$4))*0.279,MAX(0.02,0.2-((D8-Thresholds!$G$4)/(Thresholds!$H$4-Thresholds!$G$4))*0.18)))),3) -> 0.932 | L8: =ROUND(IF(E8<=Thresholds!$B$5,1-(E8/Thresholds!$B$5)*0.24,IF(E8<=Thresholds!$D$5,0.75-((E8-Thresholds!$C$5)/(Thresholds!$D$5-Thresholds!$C$5))*0.249,IF(E8<=Thresholds!$F$5,0.499-((E8-Thresholds!$E$5)/(Thresholds!$F$5-Thresholds!$E$5))*0.279,MAX(0.02,0.2-((E8-Thresholds!$G$5)/(Thresholds!$H$5-Thresholds!$G$5))*0.18)))),3) -> 0.883 | M8: =ROUND(IF(F8<=Thresholds!$B$6,1-(F8/Thresholds!$B$6)*0.24,IF(F8<=Thresholds!$D$6,0.75-((F8-Thresholds!$C$6)/(Thresholds!$D$6-Thresholds!$C$6))*0.249,IF(F8<=Thresholds!$F$6,0.499-((F8-Thresholds!$E$6)/(Thresholds!$F$6-Thresholds!$E$6))*0.279,MAX(0.02,0.2-((F8-Thresholds!$G$6)/(Thresholds!$H$6-Thresholds!$G$6))*0.18)))),3) -> 0.438 | N8: =ROUND(IF(G8<=Thresholds!$B$7,1-(G8/Thresholds!$B$7)*0.24,IF(G8<=Thresholds!$D$7,0.75-((G8-Thresholds!$C$7)/(Thresholds!$D$7-Thresholds!$C$7))*0.249,IF(G8<=Thresholds!$F$7,0.499-((G8-Thresholds!$E$7)/(Thresholds!$F$7-Thresholds!$E$7))*0.279,MAX(0.02,0.2-((G8-Thresholds!$G$7)/(Thresholds!$H$7-Thresholds!$G$7))*0.18)))),3) -> 0.777 | O8: =ROUND(IF(H8<=Thresholds!$B$8,1-(H8/Thresholds!$B$8)*0.24,IF(H8<=Thresholds!$D$8,0.75-((H8-Thresholds!$C$8)/(Thresholds!$D$8-Thresholds!$C$8))*0.249,IF(H8<=Thresholds!$F$8,0.499-((H8-Thresholds!$E$8)/(Thresholds!$F$8-Thresholds!$E$8))*0.279,MAX(0.02,0.2-((H8-Thresholds!$G$8)/(Thresholds!$H$8-Thresholds!$G$8))*0.18)))),3) -> 0.831 | P8: =ROUND(MIN(I8:O8),3) -> 0.438 | Q8: =IF(P8>=0.751,"Healthy",IF(P8>=0.501,"Moderate",IF(P8>=0.201,"Poor","Critical"))) -> Poor | R8: =IF(P8>=0.5,1,0) -> 0 | S8: =IF(AND(F8>=10,F8<=35,P8>0.5),"ERROR_C8H8_POOR_CAP","OK") -> OK
A9: SYN-00008 | B9: 34.968 | C9: 36.522 | D9: 16.278 | E9: 47.288 | F9: 0.883 | G9: 122.13 | H9: 13956.923 | I9: =ROUND(IF(B9<=Thresholds!$B$2,1-(B9/Thresholds!$B$2)*0.24,IF(B9<=Thresholds!$D$2,0.75-((B9-Thresholds!$C$2)/(Thresholds!$D$2-Thresholds!$C$2))*0.249,IF(B9<=Thresholds!$F$2,0.499-((B9-Thresholds!$E$2)/(Thresholds!$F$2-Thresholds!$E$2))*0.279,MAX(0.02,0.2-((B9-Thresholds!$G$2)/(Thresholds!$H$2-Thresholds!$G$2))*0.18)))),3) -> 0.916 | J9: =ROUND(IF(C9<=Thresholds!$B$3,1-(C9/Thresholds!$B$3)*0.24,IF(C9<=Thresholds!$D$3,0.75-((C9-Thresholds!$C$3)/(Thresholds!$D$3-Thresholds!$C$3))*0.249,IF(C9<=Thresholds!$F$3,0.499-((C9-Thresholds!$E$3)/(Thresholds!$F$3-Thresholds!$E$3))*0.279,MAX(0.02,0.2-((C9-Thresholds!$G$3)/(Thresholds!$H$3-Thresholds!$G$3))*0.18)))),3) -> 0.927 | K9: =ROUND(IF(D9<=Thresholds!$B$4,1-(D9/Thresholds!$B$4)*0.24,IF(D9<=Thresholds!$D$4,0.75-((D9-Thresholds!$C$4)/(Thresholds!$D$4-Thresholds!$C$4))*0.249,IF(D9<=Thresholds!$F$4,0.499-((D9-Thresholds!$E$4)/(Thresholds!$F$4-Thresholds!$E$4))*0.279,MAX(0.02,0.2-((D9-Thresholds!$G$4)/(Thresholds!$H$4-Thresholds!$G$4))*0.18)))),3) -> 0.94 | L9: =ROUND(IF(E9<=Thresholds!$B$5,1-(E9/Thresholds!$B$5)*0.24,IF(E9<=Thresholds!$D$5,0.75-((E9-Thresholds!$C$5)/(Thresholds!$D$5-Thresholds!$C$5))*0.249,IF(E9<=Thresholds!$F$5,0.499-((E9-Thresholds!$E$5)/(Thresholds!$F$5-Thresholds!$E$5))*0.279,MAX(0.02,0.2-((E9-Thresholds!$G$5)/(Thresholds!$H$5-Thresholds!$G$5))*0.18)))),3) -> 0.773 | M9: =ROUND(IF(F9<=Thresholds!$B$6,1-(F9/Thresholds!$B$6)*0.24,IF(F9<=Thresholds!$D$6,0.75-((F9-Thresholds!$C$6)/(Thresholds!$D$6-Thresholds!$C$6))*0.249,IF(F9<=Thresholds!$F$6,0.499-((F9-Thresholds!$E$6)/(Thresholds!$F$6-Thresholds!$E$6))*0.279,MAX(0.02,0.2-((F9-Thresholds!$G$6)/(Thresholds!$H$6-Thresholds!$G$6))*0.18)))),3) -> 0.788 | N9: =ROUND(IF(G9<=Thresholds!$B$7,1-(G9/Thresholds!$B$7)*0.24,IF(G9<=Thresholds!$D$7,0.75-((G9-Thresholds!$C$7)/(Thresholds!$D$7-Thresholds!$C$7))*0.249,IF(G9<=Thresholds!$F$7,0.499-((G9-Thresholds!$E$7)/(Thresholds!$F$7-Thresholds!$E$7))*0.279,MAX(0.02,0.2-((G9-Thresholds!$G$7)/(Thresholds!$H$7-Thresholds!$G$7))*0.18)))),3) -> 0.916 | O9: =ROUND(IF(H9<=Thresholds!$B$8,1-(H9/Thresholds!$B$8)*0.24,IF(H9<=Thresholds!$D$8,0.75-((H9-Thresholds!$C$8)/(Thresholds!$D$8-Thresholds!$C$8))*0.249,IF(H9<=Thresholds!$F$8,0.499-((H9-Thresholds!$E$8)/(Thresholds!$F$8-Thresholds!$E$8))*0.279,MAX(0.02,0.2-((H9-Thresholds!$G$8)/(Thresholds!$H$8-Thresholds!$G$8))*0.18)))),3) -> 0.271 | P9: =ROUND(MIN(I9:O9),3) -> 0.271 | Q9: =IF(P9>=0.751,"Healthy",IF(P9>=0.501,"Moderate",IF(P9>=0.201,"Poor","Critical"))) -> Poor | R9: =IF(P9>=0.5,1,0) -> 0 | S9: =IF(AND(F9>=10,F9<=35,P9>0.5),"ERROR_C9H9_POOR_CAP","OK") -> OK
A10: SYN-00009 | B10: 18.573 | C10: 21.918 | D10: 49.253 | E10: 28.101 | F10: 0.76 | G10: 159.954 | H10: 1510.891 | I10: =ROUND(IF(B10<=Thresholds!$B$2,1-(B10/Thresholds!$B$2)*0.24,IF(B10<=Thresholds!$D$2,0.75-((B10-Thresholds!$C$2)/(Thresholds!$D$2-Thresholds!$C$2))*0.249,IF(B10<=Thresholds!$F$2,0.499-((B10-Thresholds!$E$2)/(Thresholds!$F$2-Thresholds!$E$2))*0.279,MAX(0.02,0.2-((B10-Thresholds!$G$2)/(Thresholds!$H$2-Thresholds!$G$2))*0.18)))),3) -> 0.955 | J10: =ROUND(IF(C10<=Thresholds!$B$3,1-(C10/Thresholds!$B$3)*0.24,IF(C10<=Thresholds!$D$3,0.75-((C10-Thresholds!$C$3)/(Thresholds!$D$3-Thresholds!$C$3))*0.249,IF(C10<=Thresholds!$F$3,0.499-((C10-Thresholds!$E$3)/(Thresholds!$F$3-Thresholds!$E$3))*0.279,MAX(0.02,0.2-((C10-Thresholds!$G$3)/(Thresholds!$H$3-Thresholds!$G$3))*0.18)))),3) -> 0.956 | K10: =ROUND(IF(D10<=Thresholds!$B$4,1-(D10/Thresholds!$B$4)*0.24,IF(D10<=Thresholds!$D$4,0.75-((D10-Thresholds!$C$4)/(Thresholds!$D$4-Thresholds!$C$4))*0.249,IF(D10<=Thresholds!$F$4,0.499-((D10-Thresholds!$E$4)/(Thresholds!$F$4-Thresholds!$E$4))*0.279,MAX(0.02,0.2-((D10-Thresholds!$G$4)/(Thresholds!$H$4-Thresholds!$G$4))*0.18)))),3) -> 0.818 | L10: =ROUND(IF(E10<=Thresholds!$B$5,1-(E10/Thresholds!$B$5)*0.24,IF(E10<=Thresholds!$D$5,0.75-((E10-Thresholds!$C$5)/(Thresholds!$D$5-Thresholds!$C$5))*0.249,IF(E10<=Thresholds!$F$5,0.499-((E10-Thresholds!$E$5)/(Thresholds!$F$5-Thresholds!$E$5))*0.279,MAX(0.02,0.2-((E10-Thresholds!$G$5)/(Thresholds!$H$5-Thresholds!$G$5))*0.18)))),3) -> 0.865 | M10: =ROUND(IF(F10<=Thresholds!$B$6,1-(F10/Thresholds!$B$6)*0.24,IF(F10<=Thresholds!$D$6,0.75-((F10-Thresholds!$C$6)/(Thresholds!$D$6-Thresholds!$C$6))*0.249,IF(F10<=Thresholds!$F$6,0.499-((F10-Thresholds!$E$6)/(Thresholds!$F$6-Thresholds!$E$6))*0.279,MAX(0.02,0.2-((F10-Thresholds!$G$6)/(Thresholds!$H$6-Thresholds!$G$6))*0.18)))),3) -> 0.818 | N10: =ROUND(IF(G10<=Thresholds!$B$7,1-(G10/Thresholds!$B$7)*0.24,IF(G10<=Thresholds!$D$7,0.75-((G10-Thresholds!$C$7)/(Thresholds!$D$7-Thresholds!$C$7))*0.249,IF(G10<=Thresholds!$F$7,0.499-((G10-Thresholds!$E$7)/(Thresholds!$F$7-Thresholds!$E$7))*0.279,MAX(0.02,0.2-((G10-Thresholds!$G$7)/(Thresholds!$H$7-Thresholds!$G$7))*0.18)))),3) -> 0.89 | O10: =ROUND(IF(H10<=Thresholds!$B$8,1-(H10/Thresholds!$B$8)*0.24,IF(H10<=Thresholds!$D$8,0.75-((H10-Thresholds!$C$8)/(Thresholds!$D$8-Thresholds!$C$8))*0.249,IF(H10<=Thresholds!$F$8,0.499-((H10-Thresholds!$E$8)/(Thresholds!$F$8-Thresholds!$E$8))*0.279,MAX(0.02,0.2-((H10-Thresholds!$G$8)/(Thresholds!$H$8-Thresholds!$G$8))*0.18)))),3) -> 0.855 | P10: =ROUND(MIN(I10:O10),3) -> 0.818 | Q10: =IF(P10>=0.751,"Healthy",IF(P10>=0.501,"Moderate",IF(P10>=0.201,"Poor","Critical"))) -> Healthy | R10: =IF(P10>=0.5,1,0) -> 1 | S10: =IF(AND(F10>=10,F10<=35,P10>0.5),"ERROR_C10H10_POOR_CAP","OK") -> OK
A11: SYN-00010 | B11: 25.835 | C11: 119.719 | D11: 92.931 | E11: 6.818 | F11: 0.095 | G11: 53.958 | H11: 1615.184 | I11: =ROUND(IF(B11<=Thresholds!$B$2,1-(B11/Thresholds!$B$2)*0.24,IF(B11<=Thresholds!$D$2,0.75-((B11-Thresholds!$C$2)/(Thresholds!$D$2-Thresholds!$C$2))*0.249,IF(B11<=Thresholds!$F$2,0.499-((B11-Thresholds!$E$2)/(Thresholds!$F$2-Thresholds!$E$2))*0.279,MAX(0.02,0.2-((B11-Thresholds!$G$2)/(Thresholds!$H$2-Thresholds!$G$2))*0.18)))),3) -> 0.938 | J11: =ROUND(IF(C11<=Thresholds!$B$3,1-(C11/Thresholds!$B$3)*0.24,IF(C11<=Thresholds!$D$3,0.75-((C11-Thresholds!$C$3)/(Thresholds!$D$3-Thresholds!$C$3))*0.249,IF(C11<=Thresholds!$F$3,0.499-((C11-Thresholds!$E$3)/(Thresholds!$F$3-Thresholds!$E$3))*0.279,MAX(0.02,0.2-((C11-Thresholds!$G$3)/(Thresholds!$H$3-Thresholds!$G$3))*0.18)))),3) -> 0.761 | K11: =ROUND(IF(D11<=Thresholds!$B$4,1-(D11/Thresholds!$B$4)*0.24,IF(D11<=Thresholds!$D$4,0.75-((D11-Thresholds!$C$4)/(Thresholds!$D$4-Thresholds!$C$4))*0.249,IF(D11<=Thresholds!$F$4,0.499-((D11-Thresholds!$E$4)/(Thresholds!$F$4-Thresholds!$E$4))*0.279,MAX(0.02,0.2-((D11-Thresholds!$G$4)/(Thresholds!$H$4-Thresholds!$G$4))*0.18)))),3) -> 0.553 | L11: =ROUND(IF(E11<=Thresholds!$B$5,1-(E11/Thresholds!$B$5)*0.24,IF(E11<=Thresholds!$D$5,0.75-((E11-Thresholds!$C$5)/(Thresholds!$D$5-Thresholds!$C$5))*0.249,IF(E11<=Thresholds!$F$5,0.499-((E11-Thresholds!$E$5)/(Thresholds!$F$5-Thresholds!$E$5))*0.279,MAX(0.02,0.2-((E11-Thresholds!$G$5)/(Thresholds!$H$5-Thresholds!$G$5))*0.18)))),3) -> 0.967 | M11: =ROUND(IF(F11<=Thresholds!$B$6,1-(F11/Thresholds!$B$6)*0.24,IF(F11<=Thresholds!$D$6,0.75-((F11-Thresholds!$C$6)/(Thresholds!$D$6-Thresholds!$C$6))*0.249,IF(F11<=Thresholds!$F$6,0.499-((F11-Thresholds!$E$6)/(Thresholds!$F$6-Thresholds!$E$6))*0.279,MAX(0.02,0.2-((F11-Thresholds!$G$6)/(Thresholds!$H$6-Thresholds!$G$6))*0.18)))),3) -> 0.977 | N11: =ROUND(IF(G11<=Thresholds!$B$7,1-(G11/Thresholds!$B$7)*0.24,IF(G11<=Thresholds!$D$7,0.75-((G11-Thresholds!$C$7)/(Thresholds!$D$7-Thresholds!$C$7))*0.249,IF(G11<=Thresholds!$F$7,0.499-((G11-Thresholds!$E$7)/(Thresholds!$F$7-Thresholds!$E$7))*0.279,MAX(0.02,0.2-((G11-Thresholds!$G$7)/(Thresholds!$H$7-Thresholds!$G$7))*0.18)))),3) -> 0.963 | O11: =ROUND(IF(H11<=Thresholds!$B$8,1-(H11/Thresholds!$B$8)*0.24,IF(H11<=Thresholds!$D$8,0.75-((H11-Thresholds!$C$8)/(Thresholds!$D$8-Thresholds!$C$8))*0.249,IF(H11<=Thresholds!$F$8,0.499-((H11-Thresholds!$E$8)/(Thresholds!$F$8-Thresholds!$E$8))*0.279,MAX(0.02,0.2-((H11-Thresholds!$G$8)/(Thresholds!$H$8-Thresholds!$G$8))*0.18)))),3) -> 0.845 | P11: =ROUND(MIN(I11:O11),3) -> 0.553 | Q11: =IF(P11>=0.751,"Healthy",IF(P11>=0.501,"Moderate",IF(P11>=0.201,"Poor","Critical"))) -> Moderate | R11: =IF(P11>=0.5,1,0) -> 1 | S11: =IF(AND(F11>=10,F11<=35,P11>0.5),"ERROR_C11H11_POOR_CAP","OK") -> OK
A12: SYN-00011 | B12: 826.892 | C12: 73.931 | D12: 32.152 | E12: 14.442 | F12: 0.576 | G12: 330.858 | H12: 1740.673 | I12: =ROUND(IF(B12<=Thresholds!$B$2,1-(B12/Thresholds!$B$2)*0.24,IF(B12<=Thresholds!$D$2,0.75-((B12-Thresholds!$C$2)/(Thresholds!$D$2-Thresholds!$C$2))*0.249,IF(B12<=Thresholds!$F$2,0.499-((B12-Thresholds!$E$2)/(Thresholds!$F$2-Thresholds!$E$2))*0.279,MAX(0.02,0.2-((B12-Thresholds!$G$2)/(Thresholds!$H$2-Thresholds!$G$2))*0.18)))),3) -> 0.467 | J12: =ROUND(IF(C12<=Thresholds!$B$3,1-(C12/Thresholds!$B$3)*0.24,IF(C12<=Thresholds!$D$3,0.75-((C12-Thresholds!$C$3)/(Thresholds!$D$3-Thresholds!$C$3))*0.249,IF(C12<=Thresholds!$F$3,0.499-((C12-Thresholds!$E$3)/(Thresholds!$F$3-Thresholds!$E$3))*0.279,MAX(0.02,0.2-((C12-Thresholds!$G$3)/(Thresholds!$H$3-Thresholds!$G$3))*0.18)))),3) -> 0.852 | K12: =ROUND(IF(D12<=Thresholds!$B$4,1-(D12/Thresholds!$B$4)*0.24,IF(D12<=Thresholds!$D$4,0.75-((D12-Thresholds!$C$4)/(Thresholds!$D$4-Thresholds!$C$4))*0.249,IF(D12<=Thresholds!$F$4,0.499-((D12-Thresholds!$E$4)/(Thresholds!$F$4-Thresholds!$E$4))*0.279,MAX(0.02,0.2-((D12-Thresholds!$G$4)/(Thresholds!$H$4-Thresholds!$G$4))*0.18)))),3) -> 0.881 | L12: =ROUND(IF(E12<=Thresholds!$B$5,1-(E12/Thresholds!$B$5)*0.24,IF(E12<=Thresholds!$D$5,0.75-((E12-Thresholds!$C$5)/(Thresholds!$D$5-Thresholds!$C$5))*0.249,IF(E12<=Thresholds!$F$5,0.499-((E12-Thresholds!$E$5)/(Thresholds!$F$5-Thresholds!$E$5))*0.279,MAX(0.02,0.2-((E12-Thresholds!$G$5)/(Thresholds!$H$5-Thresholds!$G$5))*0.18)))),3) -> 0.931 | M12: =ROUND(IF(F12<=Thresholds!$B$6,1-(F12/Thresholds!$B$6)*0.24,IF(F12<=Thresholds!$D$6,0.75-((F12-Thresholds!$C$6)/(Thresholds!$D$6-Thresholds!$C$6))*0.249,IF(F12<=Thresholds!$F$6,0.499-((F12-Thresholds!$E$6)/(Thresholds!$F$6-Thresholds!$E$6))*0.279,MAX(0.02,0.2-((F12-Thresholds!$G$6)/(Thresholds!$H$6-Thresholds!$G$6))*0.18)))),3) -> 0.862 | N12: =ROUND(IF(G12<=Thresholds!$B$7,1-(G12/Thresholds!$B$7)*0.24,IF(G12<=Thresholds!$D$7,0.75-((G12-Thresholds!$C$7)/(Thresholds!$D$7-Thresholds!$C$7))*0.249,IF(G12<=Thresholds!$F$7,0.499-((G12-Thresholds!$E$7)/(Thresholds!$F$7-Thresholds!$E$7))*0.279,MAX(0.02,0.2-((G12-Thresholds!$G$7)/(Thresholds!$H$7-Thresholds!$G$7))*0.18)))),3) -> 0.773 | O12: =ROUND(IF(H12<=Thresholds!$B$8,1-(H12/Thresholds!$B$8)*0.24,IF(H12<=Thresholds!$D$8,0.75-((H12-Thresholds!$C$8)/(Thresholds!$D$8-Thresholds!$C$8))*0.249,IF(H12<=Thresholds!$F$8,0.499-((H12-Thresholds!$E$8)/(Thresholds!$F$8-Thresholds!$E$8))*0.279,MAX(0.02,0.2-((H12-Thresholds!$G$8)/(Thresholds!$H$8-Thresholds!$G$8))*0.18)))),3) -> 0.833 | P12: =ROUND(MIN(I12:O12),3) -> 0.467 | Q12: =IF(P12>=0.751,"Healthy",IF(P12>=0.501,"Moderate",IF(P12>=0.201,"Poor","Critical"))) -> Poor | R12: =IF(P12>=0.5,1,0) -> 0 | S12: =IF(AND(F12>=10,F12<=35,P12>0.5),"ERROR_C12H12_POOR_CAP","OK") -> OK
A13: SYN-00012 | B13: 30.348 | C13: 79.07 | D13: 10.138 | E13: 23.151 | F13: 0.481 | G13: 334.644 | H13: 12634.627 | I13: =ROUND(IF(B13<=Thresholds!$B$2,1-(B13/Thresholds!$B$2)*0.24,IF(B13<=Thresholds!$D$2,0.75-((B13-Thresholds!$C$2)/(Thresholds!$D$2-Thresholds!$C$2))*0.249,IF(B13<=Thresholds!$F$2,0.499-((B13-Thresholds!$E$2)/(Thresholds!$F$2-Thresholds!$E$2))*0.279,MAX(0.02,0.2-((B13-Thresholds!$G$2)/(Thresholds!$H$2-Thresholds!$G$2))*0.18)))),3) -> 0.927 | J13: =ROUND(IF(C13<=Thresholds!$B$3,1-(C13/Thresholds!$B$3)*0.24,IF(C13<=Thresholds!$D$3,0.75-((C13-Thresholds!$C$3)/(Thresholds!$D$3-Thresholds!$C$3))*0.249,IF(C13<=Thresholds!$F$3,0.499-((C13-Thresholds!$E$3)/(Thresholds!$F$3-Thresholds!$E$3))*0.279,MAX(0.02,0.2-((C13-Thresholds!$G$3)/(Thresholds!$H$3-Thresholds!$G$3))*0.18)))),3) -> 0.842 | K13: =ROUND(IF(D13<=Thresholds!$B$4,1-(D13/Thresholds!$B$4)*0.24,IF(D13<=Thresholds!$D$4,0.75-((D13-Thresholds!$C$4)/(Thresholds!$D$4-Thresholds!$C$4))*0.249,IF(D13<=Thresholds!$F$4,0.499-((D13-Thresholds!$E$4)/(Thresholds!$F$4-Thresholds!$E$4))*0.279,MAX(0.02,0.2-((D13-Thresholds!$G$4)/(Thresholds!$H$4-Thresholds!$G$4))*0.18)))),3) -> 0.963 | L13: =ROUND(IF(E13<=Thresholds!$B$5,1-(E13/Thresholds!$B$5)*0.24,IF(E13<=Thresholds!$D$5,0.75-((E13-Thresholds!$C$5)/(Thresholds!$D$5-Thresholds!$C$5))*0.249,IF(E13<=Thresholds!$F$5,0.499-((E13-Thresholds!$E$5)/(Thresholds!$F$5-Thresholds!$E$5))*0.279,MAX(0.02,0.2-((E13-Thresholds!$G$5)/(Thresholds!$H$5-Thresholds!$G$5))*0.18)))),3) -> 0.889 | M13: =ROUND(IF(F13<=Thresholds!$B$6,1-(F13/Thresholds!$B$6)*0.24,IF(F13<=Thresholds!$D$6,0.75-((F13-Thresholds!$C$6)/(Thresholds!$D$6-Thresholds!$C$6))*0.249,IF(F13<=Thresholds!$F$6,0.499-((F13-Thresholds!$E$6)/(Thresholds!$F$6-Thresholds!$E$6))*0.279,MAX(0.02,0.2-((F13-Thresholds!$G$6)/(Thresholds!$H$6-Thresholds!$G$6))*0.18)))),3) -> 0.885 | N13: =ROUND(IF(G13<=Thresholds!$B$7,1-(G13/Thresholds!$B$7)*0.24,IF(G13<=Thresholds!$D$7,0.75-((G13-Thresholds!$C$7)/(Thresholds!$D$7-Thresholds!$C$7))*0.249,IF(G13<=Thresholds!$F$7,0.499-((G13-Thresholds!$E$7)/(Thresholds!$F$7-Thresholds!$E$7))*0.279,MAX(0.02,0.2-((G13-Thresholds!$G$7)/(Thresholds!$H$7-Thresholds!$G$7))*0.18)))),3) -> 0.771 | O13: =ROUND(IF(H13<=Thresholds!$B$8,1-(H13/Thresholds!$B$8)*0.24,IF(H13<=Thresholds!$D$8,0.75-((H13-Thresholds!$C$8)/(Thresholds!$D$8-Thresholds!$C$8))*0.249,IF(H13<=Thresholds!$F$8,0.499-((H13-Thresholds!$E$8)/(Thresholds!$F$8-Thresholds!$E$8))*0.279,MAX(0.02,0.2-((H13-Thresholds!$G$8)/(Thresholds!$H$8-Thresholds!$G$8))*0.18)))),3) -> 0.247 | P13: =ROUND(MIN(I13:O13),3) -> 0.247 | Q13: =IF(P13>=0.751,"Healthy",IF(P13>=0.501,"Moderate",IF(P13>=0.201,"Poor","Critical"))) -> Poor | R13: =IF(P13>=0.5,1,0) -> 0 | S13: =IF(AND(F13>=10,F13<=35,P13>0.5),"ERROR_C13H13_POOR_CAP","OK") -> OK
A14: SYN-00013 | B14: 53.23 | C14: 18.131 | D14: 41.862 | E14: 42.479 | F14: 0.532 | G14: 83.638 | H14: 1013.045 | I14: =ROUND(IF(B14<=Thresholds!$B$2,1-(B14/Thresholds!$B$2)*0.24,IF(B14<=Thresholds!$D$2,0.75-((B14-Thresholds!$C$2)/(Thresholds!$D$2-Thresholds!$C$2))*0.249,IF(B14<=Thresholds!$F$2,0.499-((B14-Thresholds!$E$2)/(Thresholds!$F$2-Thresholds!$E$2))*0.279,MAX(0.02,0.2-((B14-Thresholds!$G$2)/(Thresholds!$H$2-Thresholds!$G$2))*0.18)))),3) -> 0.872 | J14: =ROUND(IF(C14<=Thresholds!$B$3,1-(C14/Thresholds!$B$3)*0.24,IF(C14<=Thresholds!$D$3,0.75-((C14-Thresholds!$C$3)/(Thresholds!$D$3-Thresholds!$C$3))*0.249,IF(C14<=Thresholds!$F$3,0.499-((C14-Thresholds!$E$3)/(Thresholds!$F$3-Thresholds!$E$3))*0.279,MAX(0.02,0.2-((C14-Thresholds!$G$3)/(Thresholds!$H$3-Thresholds!$G$3))*0.18)))),3) -> 0.964 | K14: =ROUND(IF(D14<=Thresholds!$B$4,1-(D14/Thresholds!$B$4)*0.24,IF(D14<=Thresholds!$D$4,0.75-((D14-Thresholds!$C$4)/(Thresholds!$D$4-Thresholds!$C$4))*0.249,IF(D14<=Thresholds!$F$4,0.499-((D14-Thresholds!$E$4)/(Thresholds!$F$4-Thresholds!$E$4))*0.279,MAX(0.02,0.2-((D14-Thresholds!$G$4)/(Thresholds!$H$4-Thresholds!$G$4))*0.18)))),3) -> 0.845 | L14: =ROUND(IF(E14<=Thresholds!$B$5,1-(E14/Thresholds!$B$5)*0.24,IF(E14<=Thresholds!$D$5,0.75-((E14-Thresholds!$C$5)/(Thresholds!$D$5-Thresholds!$C$5))*0.249,IF(E14<=Thresholds!$F$5,0.499-((E14-Thresholds!$E$5)/(Thresholds!$F$5-Thresholds!$E$5))*0.279,MAX(0.02,0.2-((E14-Thresholds!$G$5)/(Thresholds!$H$5-Thresholds!$G$5))*0.18)))),3) -> 0.796 | M14: =ROUND(IF(F14<=Thresholds!$B$6,1-(F14/Thresholds!$B$6)*0.24,IF(F14<=Thresholds!$D$6,0.75-((F14-Thresholds!$C$6)/(Thresholds!$D$6-Thresholds!$C$6))*0.249,IF(F14<=Thresholds!$F$6,0.499-((F14-Thresholds!$E$6)/(Thresholds!$F$6-Thresholds!$E$6))*0.279,MAX(0.02,0.2-((F14-Thresholds!$G$6)/(Thresholds!$H$6-Thresholds!$G$6))*0.18)))),3) -> 0.872 | N14: =ROUND(IF(G14<=Thresholds!$B$7,1-(G14/Thresholds!$B$7)*0.24,IF(G14<=Thresholds!$D$7,0.75-((G14-Thresholds!$C$7)/(Thresholds!$D$7-Thresholds!$C$7))*0.249,IF(G14<=Thresholds!$F$7,0.499-((G14-Thresholds!$E$7)/(Thresholds!$F$7-Thresholds!$E$7))*0.279,MAX(0.02,0.2-((G14-Thresholds!$G$7)/(Thresholds!$H$7-Thresholds!$G$7))*0.18)))),3) -> 0.943 | O14: =ROUND(IF(H14<=Thresholds!$B$8,1-(H14/Thresholds!$B$8)*0.24,IF(H14<=Thresholds!$D$8,0.75-((H14-Thresholds!$C$8)/(Thresholds!$D$8-Thresholds!$C$8))*0.249,IF(H14<=Thresholds!$F$8,0.499-((H14-Thresholds!$E$8)/(Thresholds!$F$8-Thresholds!$E$8))*0.279,MAX(0.02,0.2-((H14-Thresholds!$G$8)/(Thresholds!$H$8-Thresholds!$G$8))*0.18)))),3) -> 0.903 | P14: =ROUND(MIN(I14:O14),3) -> 0.796 | Q14: =IF(P14>=0.751,"Healthy",IF(P14>=0.501,"Moderate",IF(P14>=0.201,"Poor","Critical"))) -> Healthy | R14: =IF(P14>=0.5,1,0) -> 1 | S14: =IF(AND(F14>=10,F14<=35,P14>0.5),"ERROR_C14H14_POOR_CAP","OK") -> OK
A15: SYN-00014 | B15: 56.241 | C15: 366.163 | D15: 35.999 | E15: 2.527 | F15: 0.358 | G15: 23.976 | H15: 2331.609 | I15: =ROUND(IF(B15<=Thresholds!$B$2,1-(B15/Thresholds!$B$2)*0.24,IF(B15<=Thresholds!$D$2,0.75-((B15-Thresholds!$C$2)/(Thresholds!$D$2-Thresholds!$C$2))*0.249,IF(B15<=Thresholds!$F$2,0.499-((B15-Thresholds!$E$2)/(Thresholds!$F$2-Thresholds!$E$2))*0.279,MAX(0.02,0.2-((B15-Thresholds!$G$2)/(Thresholds!$H$2-Thresholds!$G$2))*0.18)))),3) -> 0.865 | J15: =ROUND(IF(C15<=Thresholds!$B$3,1-(C15/Thresholds!$B$3)*0.24,IF(C15<=Thresholds!$D$3,0.75-((C15-Thresholds!$C$3)/(Thresholds!$D$3-Thresholds!$C$3))*0.249,IF(C15<=Thresholds!$F$3,0.499-((C15-Thresholds!$E$3)/(Thresholds!$F$3-Thresholds!$E$3))*0.279,MAX(0.02,0.2-((C15-Thresholds!$G$3)/(Thresholds!$H$3-Thresholds!$G$3))*0.18)))),3) -> 0.531 | K15: =ROUND(IF(D15<=Thresholds!$B$4,1-(D15/Thresholds!$B$4)*0.24,IF(D15<=Thresholds!$D$4,0.75-((D15-Thresholds!$C$4)/(Thresholds!$D$4-Thresholds!$C$4))*0.249,IF(D15<=Thresholds!$F$4,0.499-((D15-Thresholds!$E$4)/(Thresholds!$F$4-Thresholds!$E$4))*0.279,MAX(0.02,0.2-((D15-Thresholds!$G$4)/(Thresholds!$H$4-Thresholds!$G$4))*0.18)))),3) -> 0.867 | L15: =ROUND(IF(E15<=Thresholds!$B$5,1-(E15/Thresholds!$B$5)*0.24,IF(E15<=Thresholds!$D$5,0.75-((E15-Thresholds!$C$5)/(Thresholds!$D$5-Thresholds!$C$5))*0.249,IF(E15<=Thresholds!$F$5,0.499-((E15-Thresholds!$E$5)/(Thresholds!$F$5-Thresholds!$E$5))*0.279,MAX(0.02,0.2-((E15-Thresholds!$G$5)/(Thresholds!$H$5-Thresholds!$G$5))*0.18)))),3) -> 0.988 | M15: =ROUND(IF(F15<=Thresholds!$B$6,1-(F15/Thresholds!$B$6)*0.24,IF(F15<=Thresholds!$D$6,0.75-((F15-Thresholds!$C$6)/(Thresholds!$D$6-Thresholds!$C$6))*0.249,IF(F15<=Thresholds!$F$6,0.499-((F15-Thresholds!$E$6)/(Thresholds!$F$6-Thresholds!$E$6))*0.279,MAX(0.02,0.2-((F15-Thresholds!$G$6)/(Thresholds!$H$6-Thresholds!$G$6))*0.18)))),3) -> 0.914 | N15: =ROUND(IF(G15<=Thresholds!$B$7,1-(G15/Thresholds!$B$7)*0.24,IF(G15<=Thresholds!$D$7,0.75-((G15-Thresholds!$C$7)/(Thresholds!$D$7-Thresholds!$C$7))*0.249,IF(G15<=Thresholds!$F$7,0.499-((G15-Thresholds!$E$7)/(Thresholds!$F$7-Thresholds!$E$7))*0.279,MAX(0.02,0.2-((G15-Thresholds!$G$7)/(Thresholds!$H$7-Thresholds!$G$7))*0.18)))),3) -> 0.984 | O15: =ROUND(IF(H15<=Thresholds!$B$8,1-(H15/Thresholds!$B$8)*0.24,IF(H15<=Thresholds!$D$8,0.75-((H15-Thresholds!$C$8)/(Thresholds!$D$8-Thresholds!$C$8))*0.249,IF(H15<=Thresholds!$F$8,0.499-((H15-Thresholds!$E$8)/(Thresholds!$F$8-Thresholds!$E$8))*0.279,MAX(0.02,0.2-((H15-Thresholds!$G$8)/(Thresholds!$H$8-Thresholds!$G$8))*0.18)))),3) -> 0.776 | P15: =ROUND(MIN(I15:O15),3) -> 0.531 | Q15: =IF(P15>=0.751,"Healthy",IF(P15>=0.501,"Moderate",IF(P15>=0.201,"Poor","Critical"))) -> Moderate | R15: =IF(P15>=0.5,1,0) -> 1 | S15: =IF(AND(F15>=10,F15<=35,P15>0.5),"ERROR_C15H15_POOR_CAP","OK") -> OK
A16: SYN-00015 | B16: 27.748 | C16: 33.459 | D16: 127.103 | E16: 6.241 | F16: 0.745 | G16: 288.828 | H16: 3920.326 | I16: =ROUND(IF(B16<=Thresholds!$B$2,1-(B16/Thresholds!$B$2)*0.24,IF(B16<=Thresholds!$D$2,0.75-((B16-Thresholds!$C$2)/(Thresholds!$D$2-Thresholds!$C$2))*0.249,IF(B16<=Thresholds!$F$2,0.499-((B16-Thresholds!$E$2)/(Thresholds!$F$2-Thresholds!$E$2))*0.279,MAX(0.02,0.2-((B16-Thresholds!$G$2)/(Thresholds!$H$2-Thresholds!$G$2))*0.18)))),3) -> 0.933 | J16: =ROUND(IF(C16<=Thresholds!$B$3,1-(C16/Thresholds!$B$3)*0.24,IF(C16<=Thresholds!$D$3,0.75-((C16-Thresholds!$C$3)/(Thresholds!$D$3-Thresholds!$C$3))*0.249,IF(C16<=Thresholds!$F$3,0.499-((C16-Thresholds!$E$3)/(Thresholds!$F$3-Thresholds!$E$3))*0.279,MAX(0.02,0.2-((C16-Thresholds!$G$3)/(Thresholds!$H$3-Thresholds!$G$3))*0.18)))),3) -> 0.933 | K16: =ROUND(IF(D16<=Thresholds!$B$4,1-(D16/Thresholds!$B$4)*0.24,IF(D16<=Thresholds!$D$4,0.75-((D16-Thresholds!$C$4)/(Thresholds!$D$4-Thresholds!$C$4))*0.249,IF(D16<=Thresholds!$F$4,0.499-((D16-Thresholds!$E$4)/(Thresholds!$F$4-Thresholds!$E$4))*0.279,MAX(0.02,0.2-((D16-Thresholds!$G$4)/(Thresholds!$H$4-Thresholds!$G$4))*0.18)))),3) -> 0.35 | L16: =ROUND(IF(E16<=Thresholds!$B$5,1-(E16/Thresholds!$B$5)*0.24,IF(E16<=Thresholds!$D$5,0.75-((E16-Thresholds!$C$5)/(Thresholds!$D$5-Thresholds!$C$5))*0.249,IF(E16<=Thresholds!$F$5,0.499-((E16-Thresholds!$E$5)/(Thresholds!$F$5-Thresholds!$E$5))*0.279,MAX(0.02,0.2-((E16-Thresholds!$G$5)/(Thresholds!$H$5-Thresholds!$G$5))*0.18)))),3) -> 0.97 | M16: =ROUND(IF(F16<=Thresholds!$B$6,1-(F16/Thresholds!$B$6)*0.24,IF(F16<=Thresholds!$D$6,0.75-((F16-Thresholds!$C$6)/(Thresholds!$D$6-Thresholds!$C$6))*0.249,IF(F16<=Thresholds!$F$6,0.499-((F16-Thresholds!$E$6)/(Thresholds!$F$6-Thresholds!$E$6))*0.279,MAX(0.02,0.2-((F16-Thresholds!$G$6)/(Thresholds!$H$6-Thresholds!$G$6))*0.18)))),3) -> 0.821 | N16: =ROUND(IF(G16<=Thresholds!$B$7,1-(G16/Thresholds!$B$7)*0.24,IF(G16<=Thresholds!$D$7,0.75-((G16-Thresholds!$C$7)/(Thresholds!$D$7-Thresholds!$C$7))*0.249,IF(G16<=Thresholds!$F$7,0.499-((G16-Thresholds!$E$7)/(Thresholds!$F$7-Thresholds!$E$7))*0.279,MAX(0.02,0.2-((G16-Thresholds!$G$7)/(Thresholds!$H$7-Thresholds!$G$7))*0.18)))),3) -> 0.802 | O16: =ROUND(IF(H16<=Thresholds!$B$8,1-(H16/Thresholds!$B$8)*0.24,IF(H16<=Thresholds!$D$8,0.75-((H16-Thresholds!$C$8)/(Thresholds!$D$8-Thresholds!$C$8))*0.249,IF(H16<=Thresholds!$F$8,0.499-((H16-Thresholds!$E$8)/(Thresholds!$F$8-Thresholds!$E$8))*0.279,MAX(0.02,0.2-((H16-Thresholds!$G$8)/(Thresholds!$H$8-Thresholds!$G$8))*0.18)))),3) -> 0.514 | P16: =ROUND(MIN(I16:O16),3) -> 0.35 | Q16: =IF(P16>=0.751,"Healthy",IF(P16>=0.501,"Moderate",IF(P16>=0.201,"Poor","Critical"))) -> Poor | R16: =IF(P16>=0.5,1,0) -> 0 | S16: =IF(AND(F16>=10,F16<=35,P16>0.5),"ERROR_C16H16_POOR_CAP","OK") -> OK
A17: SYN-00016 | B17: 30.18 | C17: 1312.405 | D17: 29.379 | E17: 12.56 | F17: 0.562 | G17: 260.202 | H17: 602.734 | I17: =ROUND(IF(B17<=Thresholds!$B$2,1-(B17/Thresholds!$B$2)*0.24,IF(B17<=Thresholds!$D$2,0.75-((B17-Thresholds!$C$2)/(Thresholds!$D$2-Thresholds!$C$2))*0.249,IF(B17<=Thresholds!$F$2,0.499-((B17-Thresholds!$E$2)/(Thresholds!$F$2-Thresholds!$E$2))*0.279,MAX(0.02,0.2-((B17-Thresholds!$G$2)/(Thresholds!$H$2-Thresholds!$G$2))*0.18)))),3) -> 0.928 | J17: =ROUND(IF(C17<=Thresholds!$B$3,1-(C17/Thresholds!$B$3)*0.24,IF(C17<=Thresholds!$D$3,0.75-((C17-Thresholds!$C$3)/(Thresholds!$D$3-Thresholds!$C$3))*0.249,IF(C17<=Thresholds!$F$3,0.499-((C17-Thresholds!$E$3)/(Thresholds!$F$3-Thresholds!$E$3))*0.279,MAX(0.02,0.2-((C17-Thresholds!$G$3)/(Thresholds!$H$3-Thresholds!$G$3))*0.18)))),3) -> 0.256 | K17: =ROUND(IF(D17<=Thresholds!$B$4,1-(D17/Thresholds!$B$4)*0.24,IF(D17<=Thresholds!$D$4,0.75-((D17-Thresholds!$C$4)/(Thresholds!$D$4-Thresholds!$C$4))*0.249,IF(D17<=Thresholds!$F$4,0.499-((D17-Thresholds!$E$4)/(Thresholds!$F$4-Thresholds!$E$4))*0.279,MAX(0.02,0.2-((D17-Thresholds!$G$4)/(Thresholds!$H$4-Thresholds!$G$4))*0.18)))),3) -> 0.892 | L17: =ROUND(IF(E17<=Thresholds!$B$5,1-(E17/Thresholds!$B$5)*0.24,IF(E17<=Thresholds!$D$5,0.75-((E17-Thresholds!$C$5)/(Thresholds!$D$5-Thresholds!$C$5))*0.249,IF(E17<=Thresholds!$F$5,0.499-((E17-Thresholds!$E$5)/(Thresholds!$F$5-Thresholds!$E$5))*0.279,MAX(0.02,0.2-((E17-Thresholds!$G$5)/(Thresholds!$H$5-Thresholds!$G$5))*0.18)))),3) -> 0.94 | M17: =ROUND(IF(F17<=Thresholds!$B$6,1-(F17/Thresholds!$B$6)*0.24,IF(F17<=Thresholds!$D$6,0.75-((F17-Thresholds!$C$6)/(Thresholds!$D$6-Thresholds!$C$6))*0.249,IF(F17<=Thresholds!$F$6,0.499-((F17-Thresholds!$E$6)/(Thresholds!$F$6-Thresholds!$E$6))*0.279,MAX(0.02,0.2-((F17-Thresholds!$G$6)/(Thresholds!$H$6-Thresholds!$G$6))*0.18)))),3) -> 0.865 | N17: =ROUND(IF(G17<=Thresholds!$B$7,1-(G17/Thresholds!$B$7)*0.24,IF(G17<=Thresholds!$D$7,0.75-((G17-Thresholds!$C$7)/(Thresholds!$D$7-Thresholds!$C$7))*0.249,IF(G17<=Thresholds!$F$7,0.499-((G17-Thresholds!$E$7)/(Thresholds!$F$7-Thresholds!$E$7))*0.279,MAX(0.02,0.2-((G17-Thresholds!$G$7)/(Thresholds!$H$7-Thresholds!$G$7))*0.18)))),3) -> 0.822 | O17: =ROUND(IF(H17<=Thresholds!$B$8,1-(H17/Thresholds!$B$8)*0.24,IF(H17<=Thresholds!$D$8,0.75-((H17-Thresholds!$C$8)/(Thresholds!$D$8-Thresholds!$C$8))*0.249,IF(H17<=Thresholds!$F$8,0.499-((H17-Thresholds!$E$8)/(Thresholds!$F$8-Thresholds!$E$8))*0.279,MAX(0.02,0.2-((H17-Thresholds!$G$8)/(Thresholds!$H$8-Thresholds!$G$8))*0.18)))),3) -> 0.942 | P17: =ROUND(MIN(I17:O17),3) -> 0.256 | Q17: =IF(P17>=0.751,"Healthy",IF(P17>=0.501,"Moderate",IF(P17>=0.201,"Poor","Critical"))) -> Poor | R17: =IF(P17>=0.5,1,0) -> 0 | S17: =IF(AND(F17>=10,F17<=35,P17>0.5),"ERROR_C17H17_POOR_CAP","OK") -> OK
A18: SYN-00017 | B18: 40.475 | C18: 108.556 | D18: 31.129 | E18: 14.276 | F18: 0.111 | G18: 24.494 | H18: 1440.564 | I18: =ROUND(IF(B18<=Thresholds!$B$2,1-(B18/Thresholds!$B$2)*0.24,IF(B18<=Thresholds!$D$2,0.75-((B18-Thresholds!$C$2)/(Thresholds!$D$2-Thresholds!$C$2))*0.249,IF(B18<=Thresholds!$F$2,0.499-((B18-Thresholds!$E$2)/(Thresholds!$F$2-Thresholds!$E$2))*0.279,MAX(0.02,0.2-((B18-Thresholds!$G$2)/(Thresholds!$H$2-Thresholds!$G$2))*0.18)))),3) -> 0.903 | J18: =ROUND(IF(C18<=Thresholds!$B$3,1-(C18/Thresholds!$B$3)*0.24,IF(C18<=Thresholds!$D$3,0.75-((C18-Thresholds!$C$3)/(Thresholds!$D$3-Thresholds!$C$3))*0.249,IF(C18<=Thresholds!$F$3,0.499-((C18-Thresholds!$E$3)/(Thresholds!$F$3-Thresholds!$E$3))*0.279,MAX(0.02,0.2-((C18-Thresholds!$G$3)/(Thresholds!$H$3-Thresholds!$G$3))*0.18)))),3) -> 0.783 | K18: =ROUND(IF(D18<=Thresholds!$B$4,1-(D18/Thresholds!$B$4)*0.24,IF(D18<=Thresholds!$D$4,0.75-((D18-Thresholds!$C$4)/(Thresholds!$D$4-Thresholds!$C$4))*0.249,IF(D18<=Thresholds!$F$4,0.499-((D18-Thresholds!$E$4)/(Thresholds!$F$4-Thresholds!$E$4))*0.279,MAX(0.02,0.2-((D18-Thresholds!$G$4)/(Thresholds!$H$4-Thresholds!$G$4))*0.18)))),3) -> 0.885 | L18: =ROUND(IF(E18<=Thresholds!$B$5,1-(E18/Thresholds!$B$5)*0.24,IF(E18<=Thresholds!$D$5,0.75-((E18-Thresholds!$C$5)/(Thresholds!$D$5-Thresholds!$C$5))*0.249,IF(E18<=Thresholds!$F$5,0.499-((E18-Thresholds!$E$5)/(Thresholds!$F$5-Thresholds!$E$5))*0.279,MAX(0.02,0.2-((E18-Thresholds!$G$5)/(Thresholds!$H$5-Thresholds!$G$5))*0.18)))),3) -> 0.931 | M18: =ROUND(IF(F18<=Thresholds!$B$6,1-(F18/Thresholds!$B$6)*0.24,IF(F18<=Thresholds!$D$6,0.75-((F18-Thresholds!$C$6)/(Thresholds!$D$6-Thresholds!$C$6))*0.249,IF(F18<=Thresholds!$F$6,0.499-((F18-Thresholds!$E$6)/(Thresholds!$F$6-Thresholds!$E$6))*0.279,MAX(0.02,0.2-((F18-Thresholds!$G$6)/(Thresholds!$H$6-Thresholds!$G$6))*0.18)))),3) -> 0.973 | N18: =ROUND(IF(G18<=Thresholds!$B$7,1-(G18/Thresholds!$B$7)*0.24,IF(G18<=Thresholds!$D$7,0.75-((G18-Thresholds!$C$7)/(Thresholds!$D$7-Thresholds!$C$7))*0.249,IF(G18<=Thresholds!$F$7,0.499-((G18-Thresholds!$E$7)/(Thresholds!$F$7-Thresholds!$E$7))*0.279,MAX(0.02,0.2-((G18-Thresholds!$G$7)/(Thresholds!$H$7-Thresholds!$G$7))*0.18)))),3) -> 0.983 | O18: =ROUND(IF(H18<=Thresholds!$B$8,1-(H18/Thresholds!$B$8)*0.24,IF(H18<=Thresholds!$D$8,0.75-((H18-Thresholds!$C$8)/(Thresholds!$D$8-Thresholds!$C$8))*0.249,IF(H18<=Thresholds!$F$8,0.499-((H18-Thresholds!$E$8)/(Thresholds!$F$8-Thresholds!$E$8))*0.279,MAX(0.02,0.2-((H18-Thresholds!$G$8)/(Thresholds!$H$8-Thresholds!$G$8))*0.18)))),3) -> 0.862 | P18: =ROUND(MIN(I18:O18),3) -> 0.783 | Q18: =IF(P18>=0.751,"Healthy",IF(P18>=0.501,"Moderate",IF(P18>=0.201,"Poor","Critical"))) -> Healthy | R18: =IF(P18>=0.5,1,0) -> 1 | S18: =IF(AND(F18>=10,F18<=35,P18>0.5),"ERROR_C18H18_POOR_CAP","OK") -> OK
A19: SYN-00018 | B19: 25.921 | C19: 14.093 | D19: 42.221 | E19: 13.375 | F19: 2.912 | G19: 303.329 | H19: 293.286 | I19: =ROUND(IF(B19<=Thresholds!$B$2,1-(B19/Thresholds!$B$2)*0.24,IF(B19<=Thresholds!$D$2,0.75-((B19-Thresholds!$C$2)/(Thresholds!$D$2-Thresholds!$C$2))*0.249,IF(B19<=Thresholds!$F$2,0.499-((B19-Thresholds!$E$2)/(Thresholds!$F$2-Thresholds!$E$2))*0.279,MAX(0.02,0.2-((B19-Thresholds!$G$2)/(Thresholds!$H$2-Thresholds!$G$2))*0.18)))),3) -> 0.938 | J19: =ROUND(IF(C19<=Thresholds!$B$3,1-(C19/Thresholds!$B$3)*0.24,IF(C19<=Thresholds!$D$3,0.75-((C19-Thresholds!$C$3)/(Thresholds!$D$3-Thresholds!$C$3))*0.249,IF(C19<=Thresholds!$F$3,0.499-((C19-Thresholds!$E$3)/(Thresholds!$F$3-Thresholds!$E$3))*0.279,MAX(0.02,0.2-((C19-Thresholds!$G$3)/(Thresholds!$H$3-Thresholds!$G$3))*0.18)))),3) -> 0.972 | K19: =ROUND(IF(D19<=Thresholds!$B$4,1-(D19/Thresholds!$B$4)*0.24,IF(D19<=Thresholds!$D$4,0.75-((D19-Thresholds!$C$4)/(Thresholds!$D$4-Thresholds!$C$4))*0.249,IF(D19<=Thresholds!$F$4,0.499-((D19-Thresholds!$E$4)/(Thresholds!$F$4-Thresholds!$E$4))*0.279,MAX(0.02,0.2-((D19-Thresholds!$G$4)/(Thresholds!$H$4-Thresholds!$G$4))*0.18)))),3) -> 0.844 | L19: =ROUND(IF(E19<=Thresholds!$B$5,1-(E19/Thresholds!$B$5)*0.24,IF(E19<=Thresholds!$D$5,0.75-((E19-Thresholds!$C$5)/(Thresholds!$D$5-Thresholds!$C$5))*0.249,IF(E19<=Thresholds!$F$5,0.499-((E19-Thresholds!$E$5)/(Thresholds!$F$5-Thresholds!$E$5))*0.279,MAX(0.02,0.2-((E19-Thresholds!$G$5)/(Thresholds!$H$5-Thresholds!$G$5))*0.18)))),3) -> 0.936 | M19: =ROUND(IF(F19<=Thresholds!$B$6,1-(F19/Thresholds!$B$6)*0.24,IF(F19<=Thresholds!$D$6,0.75-((F19-Thresholds!$C$6)/(Thresholds!$D$6-Thresholds!$C$6))*0.249,IF(F19<=Thresholds!$F$6,0.499-((F19-Thresholds!$E$6)/(Thresholds!$F$6-Thresholds!$E$6))*0.279,MAX(0.02,0.2-((F19-Thresholds!$G$6)/(Thresholds!$H$6-Thresholds!$G$6))*0.18)))),3) -> 0.691 | N19: =ROUND(IF(G19<=Thresholds!$B$7,1-(G19/Thresholds!$B$7)*0.24,IF(G19<=Thresholds!$D$7,0.75-((G19-Thresholds!$C$7)/(Thresholds!$D$7-Thresholds!$C$7))*0.249,IF(G19<=Thresholds!$F$7,0.499-((G19-Thresholds!$E$7)/(Thresholds!$F$7-Thresholds!$E$7))*0.279,MAX(0.02,0.2-((G19-Thresholds!$G$7)/(Thresholds!$H$7-Thresholds!$G$7))*0.18)))),3) -> 0.792 | O19: =ROUND(IF(H19<=Thresholds!$B$8,1-(H19/Thresholds!$B$8)*0.24,IF(H19<=Thresholds!$D$8,0.75-((H19-Thresholds!$C$8)/(Thresholds!$D$8-Thresholds!$C$8))*0.249,IF(H19<=Thresholds!$F$8,0.499-((H19-Thresholds!$E$8)/(Thresholds!$F$8-Thresholds!$E$8))*0.279,MAX(0.02,0.2-((H19-Thresholds!$G$8)/(Thresholds!$H$8-Thresholds!$G$8))*0.18)))),3) -> 0.972 | P19: =ROUND(MIN(I19:O19),3) -> 0.691 | Q19: =IF(P19>=0.751,"Healthy",IF(P19>=0.501,"Moderate",IF(P19>=0.201,"Poor","Critical"))) -> Moderate | R19: =IF(P19>=0.5,1,0) -> 1 | S19: =IF(AND(F19>=10,F19<=35,P19>0.5),"ERROR_C19H19_POOR_CAP","OK") -> OK
A20: SYN-00019 | B20: 56.227 | C20: 457.501 | D20: 57.737 | E20: 29.87 | F20: 0.281 | G20: 174.764 | H20: 1091.767 | I20: =ROUND(IF(B20<=Thresholds!$B$2,1-(B20/Thresholds!$B$2)*0.24,IF(B20<=Thresholds!$D$2,0.75-((B20-Thresholds!$C$2)/(Thresholds!$D$2-Thresholds!$C$2))*0.249,IF(B20<=Thresholds!$F$2,0.499-((B20-Thresholds!$E$2)/(Thresholds!$F$2-Thresholds!$E$2))*0.279,MAX(0.02,0.2-((B20-Thresholds!$G$2)/(Thresholds!$H$2-Thresholds!$G$2))*0.18)))),3) -> 0.865 | J20: =ROUND(IF(C20<=Thresholds!$B$3,1-(C20/Thresholds!$B$3)*0.24,IF(C20<=Thresholds!$D$3,0.75-((C20-Thresholds!$C$3)/(Thresholds!$D$3-Thresholds!$C$3))*0.249,IF(C20<=Thresholds!$F$3,0.499-((C20-Thresholds!$E$3)/(Thresholds!$F$3-Thresholds!$E$3))*0.279,MAX(0.02,0.2-((C20-Thresholds!$G$3)/(Thresholds!$H$3-Thresholds!$G$3))*0.18)))),3) -> 0.473 | K20: =ROUND(IF(D20<=Thresholds!$B$4,1-(D20/Thresholds!$B$4)*0.24,IF(D20<=Thresholds!$D$4,0.75-((D20-Thresholds!$C$4)/(Thresholds!$D$4-Thresholds!$C$4))*0.249,IF(D20<=Thresholds!$F$4,0.499-((D20-Thresholds!$E$4)/(Thresholds!$F$4-Thresholds!$E$4))*0.279,MAX(0.02,0.2-((D20-Thresholds!$G$4)/(Thresholds!$H$4-Thresholds!$G$4))*0.18)))),3) -> 0.787 | L20: =ROUND(IF(E20<=Thresholds!$B$5,1-(E20/Thresholds!$B$5)*0.24,IF(E20<=Thresholds!$D$5,0.75-((E20-Thresholds!$C$5)/(Thresholds!$D$5-Thresholds!$C$5))*0.249,IF(E20<=Thresholds!$F$5,0.499-((E20-Thresholds!$E$5)/(Thresholds!$F$5-Thresholds!$E$5))*0.279,MAX(0.02,0.2-((E20-Thresholds!$G$5)/(Thresholds!$H$5-Thresholds!$G$5))*0.18)))),3) -> 0.857 | M20: =ROUND(IF(F20<=Thresholds!$B$6,1-(F20/Thresholds!$B$6)*0.24,IF(F20<=Thresholds!$D$6,0.75-((F20-Thresholds!$C$6)/(Thresholds!$D$6-Thresholds!$C$6))*0.249,IF(F20<=Thresholds!$F$6,0.499-((F20-Thresholds!$E$6)/(Thresholds!$F$6-Thresholds!$E$6))*0.279,MAX(0.02,0.2-((F20-Thresholds!$G$6)/(Thresholds!$H$6-Thresholds!$G$6))*0.18)))),3) -> 0.933 | N20: =ROUND(IF(G20<=Thresholds!$B$7,1-(G20/Thresholds!$B$7)*0.24,IF(G20<=Thresholds!$D$7,0.75-((G20-Thresholds!$C$7)/(Thresholds!$D$7-Thresholds!$C$7))*0.249,IF(G20<=Thresholds!$F$7,0.499-((G20-Thresholds!$E$7)/(Thresholds!$F$7-Thresholds!$E$7))*0.279,MAX(0.02,0.2-((G20-Thresholds!$G$7)/(Thresholds!$H$7-Thresholds!$G$7))*0.18)))),3) -> 0.88 | O20: =ROUND(IF(H20<=Thresholds!$B$8,1-(H20/Thresholds!$B$8)*0.24,IF(H20<=Thresholds!$D$8,0.75-((H20-Thresholds!$C$8)/(Thresholds!$D$8-Thresholds!$C$8))*0.249,IF(H20<=Thresholds!$F$8,0.499-((H20-Thresholds!$E$8)/(Thresholds!$F$8-Thresholds!$E$8))*0.279,MAX(0.02,0.2-((H20-Thresholds!$G$8)/(Thresholds!$H$8-Thresholds!$G$8))*0.18)))),3) -> 0.895 | P20: =ROUND(MIN(I20:O20),3) -> 0.473 | Q20: =IF(P20>=0.751,"Healthy",IF(P20>=0.501,"Moderate",IF(P20>=0.201,"Poor","Critical"))) -> Poor | R20: =IF(P20>=0.5,1,0) -> 0 | S20: =IF(AND(F20>=10,F20<=35,P20>0.5),"ERROR_C20H20_POOR_CAP","OK") -> OK
A21: SYN-00020 | B21: 45.24 | C21: 59.241 | D21: 201.556 | E21: 34.485 | F21: 0.985 | G21: 50.224 | H21: 1081.226 | I21: =ROUND(IF(B21<=Thresholds!$B$2,1-(B21/Thresholds!$B$2)*0.24,IF(B21<=Thresholds!$D$2,0.75-((B21-Thresholds!$C$2)/(Thresholds!$D$2-Thresholds!$C$2))*0.249,IF(B21<=Thresholds!$F$2,0.499-((B21-Thresholds!$E$2)/(Thresholds!$F$2-Thresholds!$E$2))*0.279,MAX(0.02,0.2-((B21-Thresholds!$G$2)/(Thresholds!$H$2-Thresholds!$G$2))*0.18)))),3) -> 0.891 | J21: =ROUND(IF(C21<=Thresholds!$B$3,1-(C21/Thresholds!$B$3)*0.24,IF(C21<=Thresholds!$D$3,0.75-((C21-Thresholds!$C$3)/(Thresholds!$D$3-Thresholds!$C$3))*0.249,IF(C21<=Thresholds!$F$3,0.499-((C21-Thresholds!$E$3)/(Thresholds!$F$3-Thresholds!$E$3))*0.279,MAX(0.02,0.2-((C21-Thresholds!$G$3)/(Thresholds!$H$3-Thresholds!$G$3))*0.18)))),3) -> 0.882 | K21: =ROUND(IF(D21<=Thresholds!$B$4,1-(D21/Thresholds!$B$4)*0.24,IF(D21<=Thresholds!$D$4,0.75-((D21-Thresholds!$C$4)/(Thresholds!$D$4-Thresholds!$C$4))*0.249,IF(D21<=Thresholds!$F$4,0.499-((D21-Thresholds!$E$4)/(Thresholds!$F$4-Thresholds!$E$4))*0.279,MAX(0.02,0.2-((D21-Thresholds!$G$4)/(Thresholds!$H$4-Thresholds!$G$4))*0.18)))),3) -> 0.26 | L21: =ROUND(IF(E21<=Thresholds!$B$5,1-(E21/Thresholds!$B$5)*0.24,IF(E21<=Thresholds!$D$5,0.75-((E21-Thresholds!$C$5)/(Thresholds!$D$5-Thresholds!$C$5))*0.249,IF(E21<=Thresholds!$F$5,0.499-((E21-Thresholds!$E$5)/(Thresholds!$F$5-Thresholds!$E$5))*0.279,MAX(0.02,0.2-((E21-Thresholds!$G$5)/(Thresholds!$H$5-Thresholds!$G$5))*0.18)))),3) -> 0.834 | M21: =ROUND(IF(F21<=Thresholds!$B$6,1-(F21/Thresholds!$B$6)*0.24,IF(F21<=Thresholds!$D$6,0.75-((F21-Thresholds!$C$6)/(Thresholds!$D$6-Thresholds!$C$6))*0.249,IF(F21<=Thresholds!$F$6,0.499-((F21-Thresholds!$E$6)/(Thresholds!$F$6-Thresholds!$E$6))*0.279,MAX(0.02,0.2-((F21-Thresholds!$G$6)/(Thresholds!$H$6-Thresholds!$G$6))*0.18)))),3) -> 0.764 | N21: =ROUND(IF(G21<=Thresholds!$B$7,1-(G21/Thresholds!$B$7)*0.24,IF(G21<=Thresholds!$D$7,0.75-((G21-Thresholds!$C$7)/(Thresholds!$D$7-Thresholds!$C$7))*0.249,IF(G21<=Thresholds!$F$7,0.499-((G21-Thresholds!$E$7)/(Thresholds!$F$7-Thresholds!$E$7))*0.279,MAX(0.02,0.2-((G21-Thresholds!$G$7)/(Thresholds!$H$7-Thresholds!$G$7))*0.18)))),3) -> 0.966 | O21: =ROUND(IF(H21<=Thresholds!$B$8,1-(H21/Thresholds!$B$8)*0.24,IF(H21<=Thresholds!$D$8,0.75-((H21-Thresholds!$C$8)/(Thresholds!$D$8-Thresholds!$C$8))*0.249,IF(H21<=Thresholds!$F$8,0.499-((H21-Thresholds!$E$8)/(Thresholds!$F$8-Thresholds!$E$8))*0.279,MAX(0.02,0.2-((H21-Thresholds!$G$8)/(Thresholds!$H$8-Thresholds!$G$8))*0.18)))),3) -> 0.896 | P21: =ROUND(MIN(I21:O21),3) -> 0.26 | Q21: =IF(P21>=0.751,"Healthy",IF(P21>=0.501,"Moderate",IF(P21>=0.201,"Poor","Critical"))) -> Poor | R21: =IF(P21>=0.5,1,0) -> 0 | S21: =IF(AND(F21>=10,F21<=35,P21>0.5),"ERROR_C21H21_POOR_CAP","OK") -> OK
A22: SYN-00021 | B22: 23.201 | C22: 67.137 | D22: 11.906 | E22: 11.216 | F22: 0.489 | G22: 308.267 | H22: 304.039 | I22: =ROUND(IF(B22<=Thresholds!$B$2,1-(B22/Thresholds!$B$2)*0.24,IF(B22<=Thresholds!$D$2,0.75-((B22-Thresholds!$C$2)/(Thresholds!$D$2-Thresholds!$C$2))*0.249,IF(B22<=Thresholds!$F$2,0.499-((B22-Thresholds!$E$2)/(Thresholds!$F$2-Thresholds!$E$2))*0.279,MAX(0.02,0.2-((B22-Thresholds!$G$2)/(Thresholds!$H$2-Thresholds!$G$2))*0.18)))),3) -> 0.944 | J22: =ROUND(IF(C22<=Thresholds!$B$3,1-(C22/Thresholds!$B$3)*0.24,IF(C22<=Thresholds!$D$3,0.75-((C22-Thresholds!$C$3)/(Thresholds!$D$3-Thresholds!$C$3))*0.249,IF(C22<=Thresholds!$F$3,0.499-((C22-Thresholds!$E$3)/(Thresholds!$F$3-Thresholds!$E$3))*0.279,MAX(0.02,0.2-((C22-Thresholds!$G$3)/(Thresholds!$H$3-Thresholds!$G$3))*0.18)))),3) -> 0.866 | K22: =ROUND(IF(D22<=Thresholds!$B$4,1-(D22/Thresholds!$B$4)*0.24,IF(D22<=Thresholds!$D$4,0.75-((D22-Thresholds!$C$4)/(Thresholds!$D$4-Thresholds!$C$4))*0.249,IF(D22<=Thresholds!$F$4,0.499-((D22-Thresholds!$E$4)/(Thresholds!$F$4-Thresholds!$E$4))*0.279,MAX(0.02,0.2-((D22-Thresholds!$G$4)/(Thresholds!$H$4-Thresholds!$G$4))*0.18)))),3) -> 0.956 | L22: =ROUND(IF(E22<=Thresholds!$B$5,1-(E22/Thresholds!$B$5)*0.24,IF(E22<=Thresholds!$D$5,0.75-((E22-Thresholds!$C$5)/(Thresholds!$D$5-Thresholds!$C$5))*0.249,IF(E22<=Thresholds!$F$5,0.499-((E22-Thresholds!$E$5)/(Thresholds!$F$5-Thresholds!$E$5))*0.279,MAX(0.02,0.2-((E22-Thresholds!$G$5)/(Thresholds!$H$5-Thresholds!$G$5))*0.18)))),3) -> 0.946 | M22: =ROUND(IF(F22<=Thresholds!$B$6,1-(F22/Thresholds!$B$6)*0.24,IF(F22<=Thresholds!$D$6,0.75-((F22-Thresholds!$C$6)/(Thresholds!$D$6-Thresholds!$C$6))*0.249,IF(F22<=Thresholds!$F$6,0.499-((F22-Thresholds!$E$6)/(Thresholds!$F$6-Thresholds!$E$6))*0.279,MAX(0.02,0.2-((F22-Thresholds!$G$6)/(Thresholds!$H$6-Thresholds!$G$6))*0.18)))),3) -> 0.883 | N22: =ROUND(IF(G22<=Thresholds!$B$7,1-(G22/Thresholds!$B$7)*0.24,IF(G22<=Thresholds!$D$7,0.75-((G22-Thresholds!$C$7)/(Thresholds!$D$7-Thresholds!$C$7))*0.249,IF(G22<=Thresholds!$F$7,0.499-((G22-Thresholds!$E$7)/(Thresholds!$F$7-Thresholds!$E$7))*0.279,MAX(0.02,0.2-((G22-Thresholds!$G$7)/(Thresholds!$H$7-Thresholds!$G$7))*0.18)))),3) -> 0.789 | O22: =ROUND(IF(H22<=Thresholds!$B$8,1-(H22/Thresholds!$B$8)*0.24,IF(H22<=Thresholds!$D$8,0.75-((H22-Thresholds!$C$8)/(Thresholds!$D$8-Thresholds!$C$8))*0.249,IF(H22<=Thresholds!$F$8,0.499-((H22-Thresholds!$E$8)/(Thresholds!$F$8-Thresholds!$E$8))*0.279,MAX(0.02,0.2-((H22-Thresholds!$G$8)/(Thresholds!$H$8-Thresholds!$G$8))*0.18)))),3) -> 0.971 | P22: =ROUND(MIN(I22:O22),3) -> 0.789 | Q22: =IF(P22>=0.751,"Healthy",IF(P22>=0.501,"Moderate",IF(P22>=0.201,"Poor","Critical"))) -> Healthy | R22: =IF(P22>=0.5,1,0) -> 1 | S22: =IF(AND(F22>=10,F22<=35,P22>0.5),"ERROR_C22H22_POOR_CAP","OK") -> OK
A23: SYN-00022 | B23: 86.828 | C23: 68.737 | D23: 6.374 | E23: 61.474 | F23: 0.844 | G23: 339.691 | H23: 3773.195 | I23: =ROUND(IF(B23<=Thresholds!$B$2,1-(B23/Thresholds!$B$2)*0.24,IF(B23<=Thresholds!$D$2,0.75-((B23-Thresholds!$C$2)/(Thresholds!$D$2-Thresholds!$C$2))*0.249,IF(B23<=Thresholds!$F$2,0.499-((B23-Thresholds!$E$2)/(Thresholds!$F$2-Thresholds!$E$2))*0.279,MAX(0.02,0.2-((B23-Thresholds!$G$2)/(Thresholds!$H$2-Thresholds!$G$2))*0.18)))),3) -> 0.792 | J23: =ROUND(IF(C23<=Thresholds!$B$3,1-(C23/Thresholds!$B$3)*0.24,IF(C23<=Thresholds!$D$3,0.75-((C23-Thresholds!$C$3)/(Thresholds!$D$3-Thresholds!$C$3))*0.249,IF(C23<=Thresholds!$F$3,0.499-((C23-Thresholds!$E$3)/(Thresholds!$F$3-Thresholds!$E$3))*0.279,MAX(0.02,0.2-((C23-Thresholds!$G$3)/(Thresholds!$H$3-Thresholds!$G$3))*0.18)))),3) -> 0.863 | K23: =ROUND(IF(D23<=Thresholds!$B$4,1-(D23/Thresholds!$B$4)*0.24,IF(D23<=Thresholds!$D$4,0.75-((D23-Thresholds!$C$4)/(Thresholds!$D$4-Thresholds!$C$4))*0.249,IF(D23<=Thresholds!$F$4,0.499-((D23-Thresholds!$E$4)/(Thresholds!$F$4-Thresholds!$E$4))*0.279,MAX(0.02,0.2-((D23-Thresholds!$G$4)/(Thresholds!$H$4-Thresholds!$G$4))*0.18)))),3) -> 0.976 | L23: =ROUND(IF(E23<=Thresholds!$B$5,1-(E23/Thresholds!$B$5)*0.24,IF(E23<=Thresholds!$D$5,0.75-((E23-Thresholds!$C$5)/(Thresholds!$D$5-Thresholds!$C$5))*0.249,IF(E23<=Thresholds!$F$5,0.499-((E23-Thresholds!$E$5)/(Thresholds!$F$5-Thresholds!$E$5))*0.279,MAX(0.02,0.2-((E23-Thresholds!$G$5)/(Thresholds!$H$5-Thresholds!$G$5))*0.18)))),3) -> 0.697 | M23: =ROUND(IF(F23<=Thresholds!$B$6,1-(F23/Thresholds!$B$6)*0.24,IF(F23<=Thresholds!$D$6,0.75-((F23-Thresholds!$C$6)/(Thresholds!$D$6-Thresholds!$C$6))*0.249,IF(F23<=Thresholds!$F$6,0.499-((F23-Thresholds!$E$6)/(Thresholds!$F$6-Thresholds!$E$6))*0.279,MAX(0.02,0.2-((F23-Thresholds!$G$6)/(Thresholds!$H$6-Thresholds!$G$6))*0.18)))),3) -> 0.797 | N23: =ROUND(IF(G23<=Thresholds!$B$7,1-(G23/Thresholds!$B$7)*0.24,IF(G23<=Thresholds!$D$7,0.75-((G23-Thresholds!$C$7)/(Thresholds!$D$7-Thresholds!$C$7))*0.249,IF(G23<=Thresholds!$F$7,0.499-((G23-Thresholds!$E$7)/(Thresholds!$F$7-Thresholds!$E$7))*0.279,MAX(0.02,0.2-((G23-Thresholds!$G$7)/(Thresholds!$H$7-Thresholds!$G$7))*0.18)))),3) -> 0.767 | O23: =ROUND(IF(H23<=Thresholds!$B$8,1-(H23/Thresholds!$B$8)*0.24,IF(H23<=Thresholds!$D$8,0.75-((H23-Thresholds!$C$8)/(Thresholds!$D$8-Thresholds!$C$8))*0.249,IF(H23<=Thresholds!$F$8,0.499-((H23-Thresholds!$E$8)/(Thresholds!$F$8-Thresholds!$E$8))*0.279,MAX(0.02,0.2-((H23-Thresholds!$G$8)/(Thresholds!$H$8-Thresholds!$G$8))*0.18)))),3) -> 0.539 | P23: =ROUND(MIN(I23:O23),3) -> 0.539 | Q23: =IF(P23>=0.751,"Healthy",IF(P23>=0.501,"Moderate",IF(P23>=0.201,"Poor","Critical"))) -> Moderate | R23: =IF(P23>=0.5,1,0) -> 1 | S23: =IF(AND(F23>=10,F23<=35,P23>0.5),"ERROR_C23H23_POOR_CAP","OK") -> OK
A24: SYN-00023 | B24: 90.732 | C24: 24.769 | D24: 3.383 | E24: 169.963 | F24: 0.93 | G24: 278.556 | H24: 802.467 | I24: =ROUND(IF(B24<=Thresholds!$B$2,1-(B24/Thresholds!$B$2)*0.24,IF(B24<=Thresholds!$D$2,0.75-((B24-Thresholds!$C$2)/(Thresholds!$D$2-Thresholds!$C$2))*0.249,IF(B24<=Thresholds!$F$2,0.499-((B24-Thresholds!$E$2)/(Thresholds!$F$2-Thresholds!$E$2))*0.279,MAX(0.02,0.2-((B24-Thresholds!$G$2)/(Thresholds!$H$2-Thresholds!$G$2))*0.18)))),3) -> 0.782 | J24: =ROUND(IF(C24<=Thresholds!$B$3,1-(C24/Thresholds!$B$3)*0.24,IF(C24<=Thresholds!$D$3,0.75-((C24-Thresholds!$C$3)/(Thresholds!$D$3-Thresholds!$C$3))*0.249,IF(C24<=Thresholds!$F$3,0.499-((C24-Thresholds!$E$3)/(Thresholds!$F$3-Thresholds!$E$3))*0.279,MAX(0.02,0.2-((C24-Thresholds!$G$3)/(Thresholds!$H$3-Thresholds!$G$3))*0.18)))),3) -> 0.95 | K24: =ROUND(IF(D24<=Thresholds!$B$4,1-(D24/Thresholds!$B$4)*0.24,IF(D24<=Thresholds!$D$4,0.75-((D24-Thresholds!$C$4)/(Thresholds!$D$4-Thresholds!$C$4))*0.249,IF(D24<=Thresholds!$F$4,0.499-((D24-Thresholds!$E$4)/(Thresholds!$F$4-Thresholds!$E$4))*0.279,MAX(0.02,0.2-((D24-Thresholds!$G$4)/(Thresholds!$H$4-Thresholds!$G$4))*0.18)))),3) -> 0.988 | L24: =ROUND(IF(E24<=Thresholds!$B$5,1-(E24/Thresholds!$B$5)*0.24,IF(E24<=Thresholds!$D$5,0.75-((E24-Thresholds!$C$5)/(Thresholds!$D$5-Thresholds!$C$5))*0.249,IF(E24<=Thresholds!$F$5,0.499-((E24-Thresholds!$E$5)/(Thresholds!$F$5-Thresholds!$E$5))*0.279,MAX(0.02,0.2-((E24-Thresholds!$G$5)/(Thresholds!$H$5-Thresholds!$G$5))*0.18)))),3) -> 0.305 | M24: =ROUND(IF(F24<=Thresholds!$B$6,1-(F24/Thresholds!$B$6)*0.24,IF(F24<=Thresholds!$D$6,0.75-((F24-Thresholds!$C$6)/(Thresholds!$D$6-Thresholds!$C$6))*0.249,IF(F24<=Thresholds!$F$6,0.499-((F24-Thresholds!$E$6)/(Thresholds!$F$6-Thresholds!$E$6))*0.279,MAX(0.02,0.2-((F24-Thresholds!$G$6)/(Thresholds!$H$6-Thresholds!$G$6))*0.18)))),3) -> 0.777 | N24: =ROUND(IF(G24<=Thresholds!$B$7,1-(G24/Thresholds!$B$7)*0.24,IF(G24<=Thresholds!$D$7,0.75-((G24-Thresholds!$C$7)/(Thresholds!$D$7-Thresholds!$C$7))*0.249,IF(G24<=Thresholds!$F$7,0.499-((G24-Thresholds!$E$7)/(Thresholds!$F$7-Thresholds!$E$7))*0.279,MAX(0.02,0.2-((G24-Thresholds!$G$7)/(Thresholds!$H$7-Thresholds!$G$7))*0.18)))),3) -> 0.809 | O24: =ROUND(IF(H24<=Thresholds!$B$8,1-(H24/Thresholds!$B$8)*0.24,IF(H24<=Thresholds!$D$8,0.75-((H24-Thresholds!$C$8)/(Thresholds!$D$8-Thresholds!$C$8))*0.249,IF(H24<=Thresholds!$F$8,0.499-((H24-Thresholds!$E$8)/(Thresholds!$F$8-Thresholds!$E$8))*0.279,MAX(0.02,0.2-((H24-Thresholds!$G$8)/(Thresholds!$H$8-Thresholds!$G$8))*0.18)))),3) -> 0.923 | P24: =ROUND(MIN(I24:O24),3) -> 0.305 | Q24: =IF(P24>=0.751,"Healthy",IF(P24>=0.501,"Moderate",IF(P24>=0.201,"Poor","Critical"))) -> Poor | R24: =IF(P24>=0.5,1,0) -> 0 | S24: =IF(AND(F24>=10,F24<=35,P24>0.5),"ERROR_C24H24_POOR_CAP","OK") -> OK
A25: SYN-00024 | B25: 57.798 | C25: 87.899 | D25: 12.809 | E25: 16.594 | F25: 22.571 | G25: 210.077 | H25: 17480.008 | I25: =ROUND(IF(B25<=Thresholds!$B$2,1-(B25/Thresholds!$B$2)*0.24,IF(B25<=Thresholds!$D$2,0.75-((B25-Thresholds!$C$2)/(Thresholds!$D$2-Thresholds!$C$2))*0.249,IF(B25<=Thresholds!$F$2,0.499-((B25-Thresholds!$E$2)/(Thresholds!$F$2-Thresholds!$E$2))*0.279,MAX(0.02,0.2-((B25-Thresholds!$G$2)/(Thresholds!$H$2-Thresholds!$G$2))*0.18)))),3) -> 0.861 | J25: =ROUND(IF(C25<=Thresholds!$B$3,1-(C25/Thresholds!$B$3)*0.24,IF(C25<=Thresholds!$D$3,0.75-((C25-Thresholds!$C$3)/(Thresholds!$D$3-Thresholds!$C$3))*0.249,IF(C25<=Thresholds!$F$3,0.499-((C25-Thresholds!$E$3)/(Thresholds!$F$3-Thresholds!$E$3))*0.279,MAX(0.02,0.2-((C25-Thresholds!$G$3)/(Thresholds!$H$3-Thresholds!$G$3))*0.18)))),3) -> 0.824 | K25: =ROUND(IF(D25<=Thresholds!$B$4,1-(D25/Thresholds!$B$4)*0.24,IF(D25<=Thresholds!$D$4,0.75-((D25-Thresholds!$C$4)/(Thresholds!$D$4-Thresholds!$C$4))*0.249,IF(D25<=Thresholds!$F$4,0.499-((D25-Thresholds!$E$4)/(Thresholds!$F$4-Thresholds!$E$4))*0.279,MAX(0.02,0.2-((D25-Thresholds!$G$4)/(Thresholds!$H$4-Thresholds!$G$4))*0.18)))),3) -> 0.953 | L25: =ROUND(IF(E25<=Thresholds!$B$5,1-(E25/Thresholds!$B$5)*0.24,IF(E25<=Thresholds!$D$5,0.75-((E25-Thresholds!$C$5)/(Thresholds!$D$5-Thresholds!$C$5))*0.249,IF(E25<=Thresholds!$F$5,0.499-((E25-Thresholds!$E$5)/(Thresholds!$F$5-Thresholds!$E$5))*0.279,MAX(0.02,0.2-((E25-Thresholds!$G$5)/(Thresholds!$H$5-Thresholds!$G$5))*0.18)))),3) -> 0.92 | M25: =ROUND(IF(F25<=Thresholds!$B$6,1-(F25/Thresholds!$B$6)*0.24,IF(F25<=Thresholds!$D$6,0.75-((F25-Thresholds!$C$6)/(Thresholds!$D$6-Thresholds!$C$6))*0.249,IF(F25<=Thresholds!$F$6,0.499-((F25-Thresholds!$E$6)/(Thresholds!$F$6-Thresholds!$E$6))*0.279,MAX(0.02,0.2-((F25-Thresholds!$G$6)/(Thresholds!$H$6-Thresholds!$G$6))*0.18)))),3) -> 0.359 | N25: =ROUND(IF(G25<=Thresholds!$B$7,1-(G25/Thresholds!$B$7)*0.24,IF(G25<=Thresholds!$D$7,0.75-((G25-Thresholds!$C$7)/(Thresholds!$D$7-Thresholds!$C$7))*0.249,IF(G25<=Thresholds!$F$7,0.499-((G25-Thresholds!$E$7)/(Thresholds!$F$7-Thresholds!$E$7))*0.279,MAX(0.02,0.2-((G25-Thresholds!$G$7)/(Thresholds!$H$7-Thresholds!$G$7))*0.18)))),3) -> 0.856 | O25: =ROUND(IF(H25<=Thresholds!$B$8,1-(H25/Thresholds!$B$8)*0.24,IF(H25<=Thresholds!$D$8,0.75-((H25-Thresholds!$C$8)/(Thresholds!$D$8-Thresholds!$C$8))*0.249,IF(H25<=Thresholds!$F$8,0.499-((H25-Thresholds!$E$8)/(Thresholds!$F$8-Thresholds!$E$8))*0.279,MAX(0.02,0.2-((H25-Thresholds!$G$8)/(Thresholds!$H$8-Thresholds!$G$8))*0.18)))),3) -> 0.335 | P25: =ROUND(MIN(I25:O25),3) -> 0.335 | Q25: =IF(P25>=0.751,"Healthy",IF(P25>=0.501,"Moderate",IF(P25>=0.201,"Poor","Critical"))) -> Poor | R25: =IF(P25>=0.5,1,0) -> 0 | S25: =IF(AND(F25>=10,F25<=35,P25>0.5),"ERROR_C25H25_POOR_CAP","OK") -> OK
A26: SYN-00025 | B26: 55.457 | C26: 12.484 | D26: 34.608 | E26: 42.939 | F26: 0.115 | G26: 40.097 | H26: 2171.821 | I26: =ROUND(IF(B26<=Thresholds!$B$2,1-(B26/Thresholds!$B$2)*0.24,IF(B26<=Thresholds!$D$2,0.75-((B26-Thresholds!$C$2)/(Thresholds!$D$2-Thresholds!$C$2))*0.249,IF(B26<=Thresholds!$F$2,0.499-((B26-Thresholds!$E$2)/(Thresholds!$F$2-Thresholds!$E$2))*0.279,MAX(0.02,0.2-((B26-Thresholds!$G$2)/(Thresholds!$H$2-Thresholds!$G$2))*0.18)))),3) -> 0.867 | J26: =ROUND(IF(C26<=Thresholds!$B$3,1-(C26/Thresholds!$B$3)*0.24,IF(C26<=Thresholds!$D$3,0.75-((C26-Thresholds!$C$3)/(Thresholds!$D$3-Thresholds!$C$3))*0.249,IF(C26<=Thresholds!$F$3,0.499-((C26-Thresholds!$E$3)/(Thresholds!$F$3-Thresholds!$E$3))*0.279,MAX(0.02,0.2-((C26-Thresholds!$G$3)/(Thresholds!$H$3-Thresholds!$G$3))*0.18)))),3) -> 0.975 | K26: =ROUND(IF(D26<=Thresholds!$B$4,1-(D26/Thresholds!$B$4)*0.24,IF(D26<=Thresholds!$D$4,0.75-((D26-Thresholds!$C$4)/(Thresholds!$D$4-Thresholds!$C$4))*0.249,IF(D26<=Thresholds!$F$4,0.499-((D26-Thresholds!$E$4)/(Thresholds!$F$4-Thresholds!$E$4))*0.279,MAX(0.02,0.2-((D26-Thresholds!$G$4)/(Thresholds!$H$4-Thresholds!$G$4))*0.18)))),3) -> 0.872 | L26: =ROUND(IF(E26<=Thresholds!$B$5,1-(E26/Thresholds!$B$5)*0.24,IF(E26<=Thresholds!$D$5,0.75-((E26-Thresholds!$C$5)/(Thresholds!$D$5-Thresholds!$C$5))*0.249,IF(E26<=Thresholds!$F$5,0.499-((E26-Thresholds!$E$5)/(Thresholds!$F$5-Thresholds!$E$5))*0.279,MAX(0.02,0.2-((E26-Thresholds!$G$5)/(Thresholds!$H$5-Thresholds!$G$5))*0.18)))),3) -> 0.794 | M26: =ROUND(IF(F26<=Thresholds!$B$6,1-(F26/Thresholds!$B$6)*0.24,IF(F26<=Thresholds!$D$6,0.75-((F26-Thresholds!$C$6)/(Thresholds!$D$6-Thresholds!$C$6))*0.249,IF(F26<=Thresholds!$F$6,0.499-((F26-Thresholds!$E$6)/(Thresholds!$F$6-Thresholds!$E$6))*0.279,MAX(0.02,0.2-((F26-Thresholds!$G$6)/(Thresholds!$H$6-Thresholds!$G$6))*0.18)))),3) -> 0.972 | N26: =ROUND(IF(G26<=Thresholds!$B$7,1-(G26/Thresholds!$B$7)*0.24,IF(G26<=Thresholds!$D$7,0.75-((G26-Thresholds!$C$7)/(Thresholds!$D$7-Thresholds!$C$7))*0.249,IF(G26<=Thresholds!$F$7,0.499-((G26-Thresholds!$E$7)/(Thresholds!$F$7-Thresholds!$E$7))*0.279,MAX(0.02,0.2-((G26-Thresholds!$G$7)/(Thresholds!$H$7-Thresholds!$G$7))*0.18)))),3) -> 0.973 | O26: =ROUND(IF(H26<=Thresholds!$B$8,1-(H26/Thresholds!$B$8)*0.24,IF(H26<=Thresholds!$D$8,0.75-((H26-Thresholds!$C$8)/(Thresholds!$D$8-Thresholds!$C$8))*0.249,IF(H26<=Thresholds!$F$8,0.499-((H26-Thresholds!$E$8)/(Thresholds!$F$8-Thresholds!$E$8))*0.279,MAX(0.02,0.2-((H26-Thresholds!$G$8)/(Thresholds!$H$8-Thresholds!$G$8))*0.18)))),3) -> 0.792 | P26: =ROUND(MIN(I26:O26),3) -> 0.792 | Q26: =IF(P26>=0.751,"Healthy",IF(P26>=0.501,"Moderate",IF(P26>=0.201,"Poor","Critical"))) -> Healthy | R26: =IF(P26>=0.5,1,0) -> 1 | S26: =IF(AND(F26>=10,F26<=35,P26>0.5),"ERROR_C26H26_POOR_CAP","OK") -> OK
A27: SYN-00026 | B27: 16.389 | C27: 107.493 | D27: 18.454 | E27: 76.616 | F27: 0.638 | G27: 156.892 | H27: 1511.222 | I27: =ROUND(IF(B27<=Thresholds!$B$2,1-(B27/Thresholds!$B$2)*0.24,IF(B27<=Thresholds!$D$2,0.75-((B27-Thresholds!$C$2)/(Thresholds!$D$2-Thresholds!$C$2))*0.249,IF(B27<=Thresholds!$F$2,0.499-((B27-Thresholds!$E$2)/(Thresholds!$F$2-Thresholds!$E$2))*0.279,MAX(0.02,0.2-((B27-Thresholds!$G$2)/(Thresholds!$H$2-Thresholds!$G$2))*0.18)))),3) -> 0.961 | J27: =ROUND(IF(C27<=Thresholds!$B$3,1-(C27/Thresholds!$B$3)*0.24,IF(C27<=Thresholds!$D$3,0.75-((C27-Thresholds!$C$3)/(Thresholds!$D$3-Thresholds!$C$3))*0.249,IF(C27<=Thresholds!$F$3,0.499-((C27-Thresholds!$E$3)/(Thresholds!$F$3-Thresholds!$E$3))*0.279,MAX(0.02,0.2-((C27-Thresholds!$G$3)/(Thresholds!$H$3-Thresholds!$G$3))*0.18)))),3) -> 0.785 | K27: =ROUND(IF(D27<=Thresholds!$B$4,1-(D27/Thresholds!$B$4)*0.24,IF(D27<=Thresholds!$D$4,0.75-((D27-Thresholds!$C$4)/(Thresholds!$D$4-Thresholds!$C$4))*0.249,IF(D27<=Thresholds!$F$4,0.499-((D27-Thresholds!$E$4)/(Thresholds!$F$4-Thresholds!$E$4))*0.279,MAX(0.02,0.2-((D27-Thresholds!$G$4)/(Thresholds!$H$4-Thresholds!$G$4))*0.18)))),3) -> 0.932 | L27: =ROUND(IF(E27<=Thresholds!$B$5,1-(E27/Thresholds!$B$5)*0.24,IF(E27<=Thresholds!$D$5,0.75-((E27-Thresholds!$C$5)/(Thresholds!$D$5-Thresholds!$C$5))*0.249,IF(E27<=Thresholds!$F$5,0.499-((E27-Thresholds!$E$5)/(Thresholds!$F$5-Thresholds!$E$5))*0.279,MAX(0.02,0.2-((E27-Thresholds!$G$5)/(Thresholds!$H$5-Thresholds!$G$5))*0.18)))),3) -> 0.62 | M27: =ROUND(IF(F27<=Thresholds!$B$6,1-(F27/Thresholds!$B$6)*0.24,IF(F27<=Thresholds!$D$6,0.75-((F27-Thresholds!$C$6)/(Thresholds!$D$6-Thresholds!$C$6))*0.249,IF(F27<=Thresholds!$F$6,0.499-((F27-Thresholds!$E$6)/(Thresholds!$F$6-Thresholds!$E$6))*0.279,MAX(0.02,0.2-((F27-Thresholds!$G$6)/(Thresholds!$H$6-Thresholds!$G$6))*0.18)))),3) -> 0.847 | N27: =ROUND(IF(G27<=Thresholds!$B$7,1-(G27/Thresholds!$B$7)*0.24,IF(G27<=Thresholds!$D$7,0.75-((G27-Thresholds!$C$7)/(Thresholds!$D$7-Thresholds!$C$7))*0.249,IF(G27<=Thresholds!$F$7,0.499-((G27-Thresholds!$E$7)/(Thresholds!$F$7-Thresholds!$E$7))*0.279,MAX(0.02,0.2-((G27-Thresholds!$G$7)/(Thresholds!$H$7-Thresholds!$G$7))*0.18)))),3) -> 0.892 | O27: =ROUND(IF(H27<=Thresholds!$B$8,1-(H27/Thresholds!$B$8)*0.24,IF(H27<=Thresholds!$D$8,0.75-((H27-Thresholds!$C$8)/(Thresholds!$D$8-Thresholds!$C$8))*0.249,IF(H27<=Thresholds!$F$8,0.499-((H27-Thresholds!$E$8)/(Thresholds!$F$8-Thresholds!$E$8))*0.279,MAX(0.02,0.2-((H27-Thresholds!$G$8)/(Thresholds!$H$8-Thresholds!$G$8))*0.18)))),3) -> 0.855 | P27: =ROUND(MIN(I27:O27),3) -> 0.62 | Q27: =IF(P27>=0.751,"Healthy",IF(P27>=0.501,"Moderate",IF(P27>=0.201,"Poor","Critical"))) -> Moderate | R27: =IF(P27>=0.5,1,0) -> 1 | S27: =IF(AND(F27>=10,F27<=35,P27>0.5),"ERROR_C27H27_POOR_CAP","OK") -> OK
A28: SYN-00027 | B28: 68.624 | C28: 961.505 | D28: 19.652 | E28: 8.717 | F28: 0.663 | G28: 367.044 | H28: 2331.419 | I28: =ROUND(IF(B28<=Thresholds!$B$2,1-(B28/Thresholds!$B$2)*0.24,IF(B28<=Thresholds!$D$2,0.75-((B28-Thresholds!$C$2)/(Thresholds!$D$2-Thresholds!$C$2))*0.249,IF(B28<=Thresholds!$F$2,0.499-((B28-Thresholds!$E$2)/(Thresholds!$F$2-Thresholds!$E$2))*0.279,MAX(0.02,0.2-((B28-Thresholds!$G$2)/(Thresholds!$H$2-Thresholds!$G$2))*0.18)))),3) -> 0.835 | J28: =ROUND(IF(C28<=Thresholds!$B$3,1-(C28/Thresholds!$B$3)*0.24,IF(C28<=Thresholds!$D$3,0.75-((C28-Thresholds!$C$3)/(Thresholds!$D$3-Thresholds!$C$3))*0.249,IF(C28<=Thresholds!$F$3,0.499-((C28-Thresholds!$E$3)/(Thresholds!$F$3-Thresholds!$E$3))*0.279,MAX(0.02,0.2-((C28-Thresholds!$G$3)/(Thresholds!$H$3-Thresholds!$G$3))*0.18)))),3) -> 0.238 | K28: =ROUND(IF(D28<=Thresholds!$B$4,1-(D28/Thresholds!$B$4)*0.24,IF(D28<=Thresholds!$D$4,0.75-((D28-Thresholds!$C$4)/(Thresholds!$D$4-Thresholds!$C$4))*0.249,IF(D28<=Thresholds!$F$4,0.499-((D28-Thresholds!$E$4)/(Thresholds!$F$4-Thresholds!$E$4))*0.279,MAX(0.02,0.2-((D28-Thresholds!$G$4)/(Thresholds!$H$4-Thresholds!$G$4))*0.18)))),3) -> 0.927 | L28: =ROUND(IF(E28<=Thresholds!$B$5,1-(E28/Thresholds!$B$5)*0.24,IF(E28<=Thresholds!$D$5,0.75-((E28-Thresholds!$C$5)/(Thresholds!$D$5-Thresholds!$C$5))*0.249,IF(E28<=Thresholds!$F$5,0.499-((E28-Thresholds!$E$5)/(Thresholds!$F$5-Thresholds!$E$5))*0.279,MAX(0.02,0.2-((E28-Thresholds!$G$5)/(Thresholds!$H$5-Thresholds!$G$5))*0.18)))),3) -> 0.958 | M28: =ROUND(IF(F28<=Thresholds!$B$6,1-(F28/Thresholds!$B$6)*0.24,IF(F28<=Thresholds!$D$6,0.75-((F28-Thresholds!$C$6)/(Thresholds!$D$6-Thresholds!$C$6))*0.249,IF(F28<=Thresholds!$F$6,0.499-((F28-Thresholds!$E$6)/(Thresholds!$F$6-Thresholds!$E$6))*0.279,MAX(0.02,0.2-((F28-Thresholds!$G$6)/(Thresholds!$H$6-Thresholds!$G$6))*0.18)))),3) -> 0.841 | N28: =ROUND(IF(G28<=Thresholds!$B$7,1-(G28/Thresholds!$B$7)*0.24,IF(G28<=Thresholds!$D$7,0.75-((G28-Thresholds!$C$7)/(Thresholds!$D$7-Thresholds!$C$7))*0.249,IF(G28<=Thresholds!$F$7,0.499-((G28-Thresholds!$E$7)/(Thresholds!$F$7-Thresholds!$E$7))*0.279,MAX(0.02,0.2-((G28-Thresholds!$G$7)/(Thresholds!$H$7-Thresholds!$G$7))*0.18)))),3) -> 0.732 | O28: =ROUND(IF(H28<=Thresholds!$B$8,1-(H28/Thresholds!$B$8)*0.24,IF(H28<=Thresholds!$D$8,0.75-((H28-Thresholds!$C$8)/(Thresholds!$D$8-Thresholds!$C$8))*0.249,IF(H28<=Thresholds!$F$8,0.499-((H28-Thresholds!$E$8)/(Thresholds!$F$8-Thresholds!$E$8))*0.279,MAX(0.02,0.2-((H28-Thresholds!$G$8)/(Thresholds!$H$8-Thresholds!$G$8))*0.18)))),3) -> 0.776 | P28: =ROUND(MIN(I28:O28),3) -> 0.238 | Q28: =IF(P28>=0.751,"Healthy",IF(P28>=0.501,"Moderate",IF(P28>=0.201,"Poor","Critical"))) -> Poor | R28: =IF(P28>=0.5,1,0) -> 0 | S28: =IF(AND(F28>=10,F28<=35,P28>0.5),"ERROR_C28H28_POOR_CAP","OK") -> OK
A29: SYN-00028 | B29: 53.059 | C29: 1543.675 | D29: 24.801 | E29: 5.768 | F29: 0.282 | G29: 112.258 | H29: 3502.127 | I29: =ROUND(IF(B29<=Thresholds!$B$2,1-(B29/Thresholds!$B$2)*0.24,IF(B29<=Thresholds!$D$2,0.75-((B29-Thresholds!$C$2)/(Thresholds!$D$2-Thresholds!$C$2))*0.249,IF(B29<=Thresholds!$F$2,0.499-((B29-Thresholds!$E$2)/(Thresholds!$F$2-Thresholds!$E$2))*0.279,MAX(0.02,0.2-((B29-Thresholds!$G$2)/(Thresholds!$H$2-Thresholds!$G$2))*0.18)))),3) -> 0.873 | J29: =ROUND(IF(C29<=Thresholds!$B$3,1-(C29/Thresholds!$B$3)*0.24,IF(C29<=Thresholds!$D$3,0.75-((C29-Thresholds!$C$3)/(Thresholds!$D$3-Thresholds!$C$3))*0.249,IF(C29<=Thresholds!$F$3,0.499-((C29-Thresholds!$E$3)/(Thresholds!$F$3-Thresholds!$E$3))*0.279,MAX(0.02,0.2-((C29-Thresholds!$G$3)/(Thresholds!$H$3-Thresholds!$G$3))*0.18)))),3) -> 0.298 | K29: =ROUND(IF(D29<=Thresholds!$B$4,1-(D29/Thresholds!$B$4)*0.24,IF(D29<=Thresholds!$D$4,0.75-((D29-Thresholds!$C$4)/(Thresholds!$D$4-Thresholds!$C$4))*0.249,IF(D29<=Thresholds!$F$4,0.499-((D29-Thresholds!$E$4)/(Thresholds!$F$4-Thresholds!$E$4))*0.279,MAX(0.02,0.2-((D29-Thresholds!$G$4)/(Thresholds!$H$4-Thresholds!$G$4))*0.18)))),3) -> 0.908 | L29: =ROUND(IF(E29<=Thresholds!$B$5,1-(E29/Thresholds!$B$5)*0.24,IF(E29<=Thresholds!$D$5,0.75-((E29-Thresholds!$C$5)/(Thresholds!$D$5-Thresholds!$C$5))*0.249,IF(E29<=Thresholds!$F$5,0.499-((E29-Thresholds!$E$5)/(Thresholds!$F$5-Thresholds!$E$5))*0.279,MAX(0.02,0.2-((E29-Thresholds!$G$5)/(Thresholds!$H$5-Thresholds!$G$5))*0.18)))),3) -> 0.972 | M29: =ROUND(IF(F29<=Thresholds!$B$6,1-(F29/Thresholds!$B$6)*0.24,IF(F29<=Thresholds!$D$6,0.75-((F29-Thresholds!$C$6)/(Thresholds!$D$6-Thresholds!$C$6))*0.249,IF(F29<=Thresholds!$F$6,0.499-((F29-Thresholds!$E$6)/(Thresholds!$F$6-Thresholds!$E$6))*0.279,MAX(0.02,0.2-((F29-Thresholds!$G$6)/(Thresholds!$H$6-Thresholds!$G$6))*0.18)))),3) -> 0.932 | N29: =ROUND(IF(G29<=Thresholds!$B$7,1-(G29/Thresholds!$B$7)*0.24,IF(G29<=Thresholds!$D$7,0.75-((G29-Thresholds!$C$7)/(Thresholds!$D$7-Thresholds!$C$7))*0.249,IF(G29<=Thresholds!$F$7,0.499-((G29-Thresholds!$E$7)/(Thresholds!$F$7-Thresholds!$E$7))*0.279,MAX(0.02,0.2-((G29-Thresholds!$G$7)/(Thresholds!$H$7-Thresholds!$G$7))*0.18)))),3) -> 0.923 | O29: =ROUND(IF(H29<=Thresholds!$B$8,1-(H29/Thresholds!$B$8)*0.24,IF(H29<=Thresholds!$D$8,0.75-((H29-Thresholds!$C$8)/(Thresholds!$D$8-Thresholds!$C$8))*0.249,IF(H29<=Thresholds!$F$8,0.499-((H29-Thresholds!$E$8)/(Thresholds!$F$8-Thresholds!$E$8))*0.279,MAX(0.02,0.2-((H29-Thresholds!$G$8)/(Thresholds!$H$8-Thresholds!$G$8))*0.18)))),3) -> 0.584 | P29: =ROUND(MIN(I29:O29),3) -> 0.298 | Q29: =IF(P29>=0.751,"Healthy",IF(P29>=0.501,"Moderate",IF(P29>=0.201,"Poor","Critical"))) -> Poor | R29: =IF(P29>=0.5,1,0) -> 0 | S29: =IF(AND(F29>=10,F29<=35,P29>0.5),"ERROR_C29H29_POOR_CAP","OK") -> OK
A30: SYN-00029 | B30: 33.441 | C30: 81.626 | D30: 61.229 | E30: 8.879 | F30: 0.16 | G30: 53.089 | H30: 1438.906 | I30: =ROUND(IF(B30<=Thresholds!$B$2,1-(B30/Thresholds!$B$2)*0.24,IF(B30<=Thresholds!$D$2,0.75-((B30-Thresholds!$C$2)/(Thresholds!$D$2-Thresholds!$C$2))*0.249,IF(B30<=Thresholds!$F$2,0.499-((B30-Thresholds!$E$2)/(Thresholds!$F$2-Thresholds!$E$2))*0.279,MAX(0.02,0.2-((B30-Thresholds!$G$2)/(Thresholds!$H$2-Thresholds!$G$2))*0.18)))),3) -> 0.92 | J30: =ROUND(IF(C30<=Thresholds!$B$3,1-(C30/Thresholds!$B$3)*0.24,IF(C30<=Thresholds!$D$3,0.75-((C30-Thresholds!$C$3)/(Thresholds!$D$3-Thresholds!$C$3))*0.249,IF(C30<=Thresholds!$F$3,0.499-((C30-Thresholds!$E$3)/(Thresholds!$F$3-Thresholds!$E$3))*0.279,MAX(0.02,0.2-((C30-Thresholds!$G$3)/(Thresholds!$H$3-Thresholds!$G$3))*0.18)))),3) -> 0.837 | K30: =ROUND(IF(D30<=Thresholds!$B$4,1-(D30/Thresholds!$B$4)*0.24,IF(D30<=Thresholds!$D$4,0.75-((D30-Thresholds!$C$4)/(Thresholds!$D$4-Thresholds!$C$4))*0.249,IF(D30<=Thresholds!$F$4,0.499-((D30-Thresholds!$E$4)/(Thresholds!$F$4-Thresholds!$E$4))*0.279,MAX(0.02,0.2-((D30-Thresholds!$G$4)/(Thresholds!$H$4-Thresholds!$G$4))*0.18)))),3) -> 0.774 | L30: =ROUND(IF(E30<=Thresholds!$B$5,1-(E30/Thresholds!$B$5)*0.24,IF(E30<=Thresholds!$D$5,0.75-((E30-Thresholds!$C$5)/(Thresholds!$D$5-Thresholds!$C$5))*0.249,IF(E30<=Thresholds!$F$5,0.499-((E30-Thresholds!$E$5)/(Thresholds!$F$5-Thresholds!$E$5))*0.279,MAX(0.02,0.2-((E30-Thresholds!$G$5)/(Thresholds!$H$5-Thresholds!$G$5))*0.18)))),3) -> 0.957 | M30: =ROUND(IF(F30<=Thresholds!$B$6,1-(F30/Thresholds!$B$6)*0.24,IF(F30<=Thresholds!$D$6,0.75-((F30-Thresholds!$C$6)/(Thresholds!$D$6-Thresholds!$C$6))*0.249,IF(F30<=Thresholds!$F$6,0.499-((F30-Thresholds!$E$6)/(Thresholds!$F$6-Thresholds!$E$6))*0.279,MAX(0.02,0.2-((F30-Thresholds!$G$6)/(Thresholds!$H$6-Thresholds!$G$6))*0.18)))),3) -> 0.962 | N30: =ROUND(IF(G30<=Thresholds!$B$7,1-(G30/Thresholds!$B$7)*0.24,IF(G30<=Thresholds!$D$7,0.75-((G30-Thresholds!$C$7)/(Thresholds!$D$7-Thresholds!$C$7))*0.249,IF(G30<=Thresholds!$F$7,0.499-((G30-Thresholds!$E$7)/(Thresholds!$F$7-Thresholds!$E$7))*0.279,MAX(0.02,0.2-((G30-Thresholds!$G$7)/(Thresholds!$H$7-Thresholds!$G$7))*0.18)))),3) -> 0.964 | O30: =ROUND(IF(H30<=Thresholds!$B$8,1-(H30/Thresholds!$B$8)*0.24,IF(H30<=Thresholds!$D$8,0.75-((H30-Thresholds!$C$8)/(Thresholds!$D$8-Thresholds!$C$8))*0.249,IF(H30<=Thresholds!$F$8,0.499-((H30-Thresholds!$E$8)/(Thresholds!$F$8-Thresholds!$E$8))*0.279,MAX(0.02,0.2-((H30-Thresholds!$G$8)/(Thresholds!$H$8-Thresholds!$G$8))*0.18)))),3) -> 0.862 | P30: =ROUND(MIN(I30:O30),3) -> 0.774 | Q30: =IF(P30>=0.751,"Healthy",IF(P30>=0.501,"Moderate",IF(P30>=0.201,"Poor","Critical"))) -> Healthy | R30: =IF(P30>=0.5,1,0) -> 1 | S30: =IF(AND(F30>=10,F30<=35,P30>0.5),"ERROR_C30H30_POOR_CAP","OK") -> OK
A31: SYN-00030 | B31: 31.767 | C31: 30.012 | D31: 96.877 | E31: 35.156 | F31: 0.86 | G31: 185.549 | H31: 3744.193 | I31: =ROUND(IF(B31<=Thresholds!$B$2,1-(B31/Thresholds!$B$2)*0.24,IF(B31<=Thresholds!$D$2,0.75-((B31-Thresholds!$C$2)/(Thresholds!$D$2-Thresholds!$C$2))*0.249,IF(B31<=Thresholds!$F$2,0.499-((B31-Thresholds!$E$2)/(Thresholds!$F$2-Thresholds!$E$2))*0.279,MAX(0.02,0.2-((B31-Thresholds!$G$2)/(Thresholds!$H$2-Thresholds!$G$2))*0.18)))),3) -> 0.924 | J31: =ROUND(IF(C31<=Thresholds!$B$3,1-(C31/Thresholds!$B$3)*0.24,IF(C31<=Thresholds!$D$3,0.75-((C31-Thresholds!$C$3)/(Thresholds!$D$3-Thresholds!$C$3))*0.249,IF(C31<=Thresholds!$F$3,0.499-((C31-Thresholds!$E$3)/(Thresholds!$F$3-Thresholds!$E$3))*0.279,MAX(0.02,0.2-((C31-Thresholds!$G$3)/(Thresholds!$H$3-Thresholds!$G$3))*0.18)))),3) -> 0.94 | K31: =ROUND(IF(D31<=Thresholds!$B$4,1-(D31/Thresholds!$B$4)*0.24,IF(D31<=Thresholds!$D$4,0.75-((D31-Thresholds!$C$4)/(Thresholds!$D$4-Thresholds!$C$4))*0.249,IF(D31<=Thresholds!$F$4,0.499-((D31-Thresholds!$E$4)/(Thresholds!$F$4-Thresholds!$E$4))*0.279,MAX(0.02,0.2-((D31-Thresholds!$G$4)/(Thresholds!$H$4-Thresholds!$G$4))*0.18)))),3) -> 0.524 | L31: =ROUND(IF(E31<=Thresholds!$B$5,1-(E31/Thresholds!$B$5)*0.24,IF(E31<=Thresholds!$D$5,0.75-((E31-Thresholds!$C$5)/(Thresholds!$D$5-Thresholds!$C$5))*0.249,IF(E31<=Thresholds!$F$5,0.499-((E31-Thresholds!$E$5)/(Thresholds!$F$5-Thresholds!$E$5))*0.279,MAX(0.02,0.2-((E31-Thresholds!$G$5)/(Thresholds!$H$5-Thresholds!$G$5))*0.18)))),3) -> 0.831 | M31: =ROUND(IF(F31<=Thresholds!$B$6,1-(F31/Thresholds!$B$6)*0.24,IF(F31<=Thresholds!$D$6,0.75-((F31-Thresholds!$C$6)/(Thresholds!$D$6-Thresholds!$C$6))*0.249,IF(F31<=Thresholds!$F$6,0.499-((F31-Thresholds!$E$6)/(Thresholds!$F$6-Thresholds!$E$6))*0.279,MAX(0.02,0.2-((F31-Thresholds!$G$6)/(Thresholds!$H$6-Thresholds!$G$6))*0.18)))),3) -> 0.794 | N31: =ROUND(IF(G31<=Thresholds!$B$7,1-(G31/Thresholds!$B$7)*0.24,IF(G31<=Thresholds!$D$7,0.75-((G31-Thresholds!$C$7)/(Thresholds!$D$7-Thresholds!$C$7))*0.249,IF(G31<=Thresholds!$F$7,0.499-((G31-Thresholds!$E$7)/(Thresholds!$F$7-Thresholds!$E$7))*0.279,MAX(0.02,0.2-((G31-Thresholds!$G$7)/(Thresholds!$H$7-Thresholds!$G$7))*0.18)))),3) -> 0.873 | O31: =ROUND(IF(H31<=Thresholds!$B$8,1-(H31/Thresholds!$B$8)*0.24,IF(H31<=Thresholds!$D$8,0.75-((H31-Thresholds!$C$8)/(Thresholds!$D$8-Thresholds!$C$8))*0.249,IF(H31<=Thresholds!$F$8,0.499-((H31-Thresholds!$E$8)/(Thresholds!$F$8-Thresholds!$E$8))*0.279,MAX(0.02,0.2-((H31-Thresholds!$G$8)/(Thresholds!$H$8-Thresholds!$G$8))*0.18)))),3) -> 0.543 | P31: =ROUND(MIN(I31:O31),3) -> 0.524 | Q31: =IF(P31>=0.751,"Healthy",IF(P31>=0.501,"Moderate",IF(P31>=0.201,"Poor","Critical"))) -> Moderate | R31: =IF(P31>=0.5,1,0) -> 1 | S31: =IF(AND(F31>=10,F31<=35,P31>0.5),"ERROR_C31H31_POOR_CAP","OK") -> OK
A32: SYN-00031 | B32: 711.627 | C32: 93.908 | D32: 42.592 | E32: 14.943 | F32: 0.754 | G32: 200.934 | H32: 3318.84 | I32: =ROUND(IF(B32<=Thresholds!$B$2,1-(B32/Thresholds!$B$2)*0.24,IF(B32<=Thresholds!$D$2,0.75-((B32-Thresholds!$C$2)/(Thresholds!$D$2-Thresholds!$C$2))*0.249,IF(B32<=Thresholds!$F$2,0.499-((B32-Thresholds!$E$2)/(Thresholds!$F$2-Thresholds!$E$2))*0.279,MAX(0.02,0.2-((B32-Thresholds!$G$2)/(Thresholds!$H$2-Thresholds!$G$2))*0.18)))),3) -> 0.496 | J32: =ROUND(IF(C32<=Thresholds!$B$3,1-(C32/Thresholds!$B$3)*0.24,IF(C32<=Thresholds!$D$3,0.75-((C32-Thresholds!$C$3)/(Thresholds!$D$3-Thresholds!$C$3))*0.249,IF(C32<=Thresholds!$F$3,0.499-((C32-Thresholds!$E$3)/(Thresholds!$F$3-Thresholds!$E$3))*0.279,MAX(0.02,0.2-((C32-Thresholds!$G$3)/(Thresholds!$H$3-Thresholds!$G$3))*0.18)))),3) -> 0.812 | K32: =ROUND(IF(D32<=Thresholds!$B$4,1-(D32/Thresholds!$B$4)*0.24,IF(D32<=Thresholds!$D$4,0.75-((D32-Thresholds!$C$4)/(Thresholds!$D$4-Thresholds!$C$4))*0.249,IF(D32<=Thresholds!$F$4,0.499-((D32-Thresholds!$E$4)/(Thresholds!$F$4-Thresholds!$E$4))*0.279,MAX(0.02,0.2-((D32-Thresholds!$G$4)/(Thresholds!$H$4-Thresholds!$G$4))*0.18)))),3) -> 0.843 | L32: =ROUND(IF(E32<=Thresholds!$B$5,1-(E32/Thresholds!$B$5)*0.24,IF(E32<=Thresholds!$D$5,0.75-((E32-Thresholds!$C$5)/(Thresholds!$D$5-Thresholds!$C$5))*0.249,IF(E32<=Thresholds!$F$5,0.499-((E32-Thresholds!$E$5)/(Thresholds!$F$5-Thresholds!$E$5))*0.279,MAX(0.02,0.2-((E32-Thresholds!$G$5)/(Thresholds!$H$5-Thresholds!$G$5))*0.18)))),3) -> 0.928 | M32: =ROUND(IF(F32<=Thresholds!$B$6,1-(F32/Thresholds!$B$6)*0.24,IF(F32<=Thresholds!$D$6,0.75-((F32-Thresholds!$C$6)/(Thresholds!$D$6-Thresholds!$C$6))*0.249,IF(F32<=Thresholds!$F$6,0.499-((F32-Thresholds!$E$6)/(Thresholds!$F$6-Thresholds!$E$6))*0.279,MAX(0.02,0.2-((F32-Thresholds!$G$6)/(Thresholds!$H$6-Thresholds!$G$6))*0.18)))),3) -> 0.819 | N32: =ROUND(IF(G32<=Thresholds!$B$7,1-(G32/Thresholds!$B$7)*0.24,IF(G32<=Thresholds!$D$7,0.75-((G32-Thresholds!$C$7)/(Thresholds!$D$7-Thresholds!$C$7))*0.249,IF(G32<=Thresholds!$F$7,0.499-((G32-Thresholds!$E$7)/(Thresholds!$F$7-Thresholds!$E$7))*0.279,MAX(0.02,0.2-((G32-Thresholds!$G$7)/(Thresholds!$H$7-Thresholds!$G$7))*0.18)))),3) -> 0.862 | O32: =ROUND(IF(H32<=Thresholds!$B$8,1-(H32/Thresholds!$B$8)*0.24,IF(H32<=Thresholds!$D$8,0.75-((H32-Thresholds!$C$8)/(Thresholds!$D$8-Thresholds!$C$8))*0.249,IF(H32<=Thresholds!$F$8,0.499-((H32-Thresholds!$E$8)/(Thresholds!$F$8-Thresholds!$E$8))*0.279,MAX(0.02,0.2-((H32-Thresholds!$G$8)/(Thresholds!$H$8-Thresholds!$G$8))*0.18)))),3) -> 0.614 | P32: =ROUND(MIN(I32:O32),3) -> 0.496 | Q32: =IF(P32>=0.751,"Healthy",IF(P32>=0.501,"Moderate",IF(P32>=0.201,"Poor","Critical"))) -> Poor | R32: =IF(P32>=0.5,1,0) -> 0 | S32: =IF(AND(F32>=10,F32<=35,P32>0.5),"ERROR_C32H32_POOR_CAP","OK") -> OK
A33: SYN-00032 | B33: 40.076 | C33: 68.988 | D33: 29.789 | E33: 4.487 | F33: 0.396 | G33: 327.752 | H33: 10399.909 | I33: =ROUND(IF(B33<=Thresholds!$B$2,1-(B33/Thresholds!$B$2)*0.24,IF(B33<=Thresholds!$D$2,0.75-((B33-Thresholds!$C$2)/(Thresholds!$D$2-Thresholds!$C$2))*0.249,IF(B33<=Thresholds!$F$2,0.499-((B33-Thresholds!$E$2)/(Thresholds!$F$2-Thresholds!$E$2))*0.279,MAX(0.02,0.2-((B33-Thresholds!$G$2)/(Thresholds!$H$2-Thresholds!$G$2))*0.18)))),3) -> 0.904 | J33: =ROUND(IF(C33<=Thresholds!$B$3,1-(C33/Thresholds!$B$3)*0.24,IF(C33<=Thresholds!$D$3,0.75-((C33-Thresholds!$C$3)/(Thresholds!$D$3-Thresholds!$C$3))*0.249,IF(C33<=Thresholds!$F$3,0.499-((C33-Thresholds!$E$3)/(Thresholds!$F$3-Thresholds!$E$3))*0.279,MAX(0.02,0.2-((C33-Thresholds!$G$3)/(Thresholds!$H$3-Thresholds!$G$3))*0.18)))),3) -> 0.862 | K33: =ROUND(IF(D33<=Thresholds!$B$4,1-(D33/Thresholds!$B$4)*0.24,IF(D33<=Thresholds!$D$4,0.75-((D33-Thresholds!$C$4)/(Thresholds!$D$4-Thresholds!$C$4))*0.249,IF(D33<=Thresholds!$F$4,0.499-((D33-Thresholds!$E$4)/(Thresholds!$F$4-Thresholds!$E$4))*0.279,MAX(0.02,0.2-((D33-Thresholds!$G$4)/(Thresholds!$H$4-Thresholds!$G$4))*0.18)))),3) -> 0.89 | L33: =ROUND(IF(E33<=Thresholds!$B$5,1-(E33/Thresholds!$B$5)*0.24,IF(E33<=Thresholds!$D$5,0.75-((E33-Thresholds!$C$5)/(Thresholds!$D$5-Thresholds!$C$5))*0.249,IF(E33<=Thresholds!$F$5,0.499-((E33-Thresholds!$E$5)/(Thresholds!$F$5-Thresholds!$E$5))*0.279,MAX(0.02,0.2-((E33-Thresholds!$G$5)/(Thresholds!$H$5-Thresholds!$G$5))*0.18)))),3) -> 0.978 | M33: =ROUND(IF(F33<=Thresholds!$B$6,1-(F33/Thresholds!$B$6)*0.24,IF(F33<=Thresholds!$D$6,0.75-((F33-Thresholds!$C$6)/(Thresholds!$D$6-Thresholds!$C$6))*0.249,IF(F33<=Thresholds!$F$6,0.499-((F33-Thresholds!$E$6)/(Thresholds!$F$6-Thresholds!$E$6))*0.279,MAX(0.02,0.2-((F33-Thresholds!$G$6)/(Thresholds!$H$6-Thresholds!$G$6))*0.18)))),3) -> 0.905 | N33: =ROUND(IF(G33<=Thresholds!$B$7,1-(G33/Thresholds!$B$7)*0.24,IF(G33<=Thresholds!$D$7,0.75-((G33-Thresholds!$C$7)/(Thresholds!$D$7-Thresholds!$C$7))*0.249,IF(G33<=Thresholds!$F$7,0.499-((G33-Thresholds!$E$7)/(Thresholds!$F$7-Thresholds!$E$7))*0.279,MAX(0.02,0.2-((G33-Thresholds!$G$7)/(Thresholds!$H$7-Thresholds!$G$7))*0.18)))),3) -> 0.775 | O33: =ROUND(IF(H33<=Thresholds!$B$8,1-(H33/Thresholds!$B$8)*0.24,IF(H33<=Thresholds!$D$8,0.75-((H33-Thresholds!$C$8)/(Thresholds!$D$8-Thresholds!$C$8))*0.249,IF(H33<=Thresholds!$F$8,0.499-((H33-Thresholds!$E$8)/(Thresholds!$F$8-Thresholds!$E$8))*0.279,MAX(0.02,0.2-((H33-Thresholds!$G$8)/(Thresholds!$H$8-Thresholds!$G$8))*0.18)))),3) -> 0.207 | P33: =ROUND(MIN(I33:O33),3) -> 0.207 | Q33: =IF(P33>=0.751,"Healthy",IF(P33>=0.501,"Moderate",IF(P33>=0.201,"Poor","Critical"))) -> Poor | R33: =IF(P33>=0.5,1,0) -> 0 | S33: =IF(AND(F33>=10,F33<=35,P33>0.5),"ERROR_C33H33_POOR_CAP","OK") -> OK
A34: SYN-00033 | B34: 28.705 | C34: 17.718 | D34: 51.422 | E34: 44.496 | F34: 0.436 | G34: 223.87 | H34: 492.064 | I34: =ROUND(IF(B34<=Thresholds!$B$2,1-(B34/Thresholds!$B$2)*0.24,IF(B34<=Thresholds!$D$2,0.75-((B34-Thresholds!$C$2)/(Thresholds!$D$2-Thresholds!$C$2))*0.249,IF(B34<=Thresholds!$F$2,0.499-((B34-Thresholds!$E$2)/(Thresholds!$F$2-Thresholds!$E$2))*0.279,MAX(0.02,0.2-((B34-Thresholds!$G$2)/(Thresholds!$H$2-Thresholds!$G$2))*0.18)))),3) -> 0.931 | J34: =ROUND(IF(C34<=Thresholds!$B$3,1-(C34/Thresholds!$B$3)*0.24,IF(C34<=Thresholds!$D$3,0.75-((C34-Thresholds!$C$3)/(Thresholds!$D$3-Thresholds!$C$3))*0.249,IF(C34<=Thresholds!$F$3,0.499-((C34-Thresholds!$E$3)/(Thresholds!$F$3-Thresholds!$E$3))*0.279,MAX(0.02,0.2-((C34-Thresholds!$G$3)/(Thresholds!$H$3-Thresholds!$G$3))*0.18)))),3) -> 0.965 | K34: =ROUND(IF(D34<=Thresholds!$B$4,1-(D34/Thresholds!$B$4)*0.24,IF(D34<=Thresholds!$D$4,0.75-((D34-Thresholds!$C$4)/(Thresholds!$D$4-Thresholds!$C$4))*0.249,IF(D34<=Thresholds!$F$4,0.499-((D34-Thresholds!$E$4)/(Thresholds!$F$4-Thresholds!$E$4))*0.279,MAX(0.02,0.2-((D34-Thresholds!$G$4)/(Thresholds!$H$4-Thresholds!$G$4))*0.18)))),3) -> 0.81 | L34: =ROUND(IF(E34<=Thresholds!$B$5,1-(E34/Thresholds!$B$5)*0.24,IF(E34<=Thresholds!$D$5,0.75-((E34-Thresholds!$C$5)/(Thresholds!$D$5-Thresholds!$C$5))*0.249,IF(E34<=Thresholds!$F$5,0.499-((E34-Thresholds!$E$5)/(Thresholds!$F$5-Thresholds!$E$5))*0.279,MAX(0.02,0.2-((E34-Thresholds!$G$5)/(Thresholds!$H$5-Thresholds!$G$5))*0.18)))),3) -> 0.786 | M34: =ROUND(IF(F34<=Thresholds!$B$6,1-(F34/Thresholds!$B$6)*0.24,IF(F34<=Thresholds!$D$6,0.75-((F34-Thresholds!$C$6)/(Thresholds!$D$6-Thresholds!$C$6))*0.249,IF(F34<=Thresholds!$F$6,0.499-((F34-Thresholds!$E$6)/(Thresholds!$F$6-Thresholds!$E$6))*0.279,MAX(0.02,0.2-((F34-Thresholds!$G$6)/(Thresholds!$H$6-Thresholds!$G$6))*0.18)))),3) -> 0.895 | N34: =ROUND(IF(G34<=Thresholds!$B$7,1-(G34/Thresholds!$B$7)*0.24,IF(G34<=Thresholds!$D$7,0.75-((G34-Thresholds!$C$7)/(Thresholds!$D$7-Thresholds!$C$7))*0.249,IF(G34<=Thresholds!$F$7,0.499-((G34-Thresholds!$E$7)/(Thresholds!$F$7-Thresholds!$E$7))*0.279,MAX(0.02,0.2-((G34-Thresholds!$G$7)/(Thresholds!$H$7-Thresholds!$G$7))*0.18)))),3) -> 0.846 | O34: =ROUND(IF(H34<=Thresholds!$B$8,1-(H34/Thresholds!$B$8)*0.24,IF(H34<=Thresholds!$D$8,0.75-((H34-Thresholds!$C$8)/(Thresholds!$D$8-Thresholds!$C$8))*0.249,IF(H34<=Thresholds!$F$8,0.499-((H34-Thresholds!$E$8)/(Thresholds!$F$8-Thresholds!$E$8))*0.279,MAX(0.02,0.2-((H34-Thresholds!$G$8)/(Thresholds!$H$8-Thresholds!$G$8))*0.18)))),3) -> 0.953 | P34: =ROUND(MIN(I34:O34),3) -> 0.786 | Q34: =IF(P34>=0.751,"Healthy",IF(P34>=0.501,"Moderate",IF(P34>=0.201,"Poor","Critical"))) -> Healthy | R34: =IF(P34>=0.5,1,0) -> 1 | S34: =IF(AND(F34>=10,F34<=35,P34>0.5),"ERROR_C34H34_POOR_CAP","OK") -> OK
A35: SYN-00034 | B35: 87.138 | C35: 380.698 | D35: 53.315 | E35: 44.367 | F35: 0.074 | G35: 262.408 | H35: 913.94 | I35: =ROUND(IF(B35<=Thresholds!$B$2,1-(B35/Thresholds!$B$2)*0.24,IF(B35<=Thresholds!$D$2,0.75-((B35-Thresholds!$C$2)/(Thresholds!$D$2-Thresholds!$C$2))*0.249,IF(B35<=Thresholds!$F$2,0.499-((B35-Thresholds!$E$2)/(Thresholds!$F$2-Thresholds!$E$2))*0.279,MAX(0.02,0.2-((B35-Thresholds!$G$2)/(Thresholds!$H$2-Thresholds!$G$2))*0.18)))),3) -> 0.791 | J35: =ROUND(IF(C35<=Thresholds!$B$3,1-(C35/Thresholds!$B$3)*0.24,IF(C35<=Thresholds!$D$3,0.75-((C35-Thresholds!$C$3)/(Thresholds!$D$3-Thresholds!$C$3))*0.249,IF(C35<=Thresholds!$F$3,0.499-((C35-Thresholds!$E$3)/(Thresholds!$F$3-Thresholds!$E$3))*0.279,MAX(0.02,0.2-((C35-Thresholds!$G$3)/(Thresholds!$H$3-Thresholds!$G$3))*0.18)))),3) -> 0.518 | K35: =ROUND(IF(D35<=Thresholds!$B$4,1-(D35/Thresholds!$B$4)*0.24,IF(D35<=Thresholds!$D$4,0.75-((D35-Thresholds!$C$4)/(Thresholds!$D$4-Thresholds!$C$4))*0.249,IF(D35<=Thresholds!$F$4,0.499-((D35-Thresholds!$E$4)/(Thresholds!$F$4-Thresholds!$E$4))*0.279,MAX(0.02,0.2-((D35-Thresholds!$G$4)/(Thresholds!$H$4-Thresholds!$G$4))*0.18)))),3) -> 0.803 | L35: =ROUND(IF(E35<=Thresholds!$B$5,1-(E35/Thresholds!$B$5)*0.24,IF(E35<=Thresholds!$D$5,0.75-((E35-Thresholds!$C$5)/(Thresholds!$D$5-Thresholds!$C$5))*0.249,IF(E35<=Thresholds!$F$5,0.499-((E35-Thresholds!$E$5)/(Thresholds!$F$5-Thresholds!$E$5))*0.279,MAX(0.02,0.2-((E35-Thresholds!$G$5)/(Thresholds!$H$5-Thresholds!$G$5))*0.18)))),3) -> 0.787 | M35: =ROUND(IF(F35<=Thresholds!$B$6,1-(F35/Thresholds!$B$6)*0.24,IF(F35<=Thresholds!$D$6,0.75-((F35-Thresholds!$C$6)/(Thresholds!$D$6-Thresholds!$C$6))*0.249,IF(F35<=Thresholds!$F$6,0.499-((F35-Thresholds!$E$6)/(Thresholds!$F$6-Thresholds!$E$6))*0.279,MAX(0.02,0.2-((F35-Thresholds!$G$6)/(Thresholds!$H$6-Thresholds!$G$6))*0.18)))),3) -> 0.982 | N35: =ROUND(IF(G35<=Thresholds!$B$7,1-(G35/Thresholds!$B$7)*0.24,IF(G35<=Thresholds!$D$7,0.75-((G35-Thresholds!$C$7)/(Thresholds!$D$7-Thresholds!$C$7))*0.249,IF(G35<=Thresholds!$F$7,0.499-((G35-Thresholds!$E$7)/(Thresholds!$F$7-Thresholds!$E$7))*0.279,MAX(0.02,0.2-((G35-Thresholds!$G$7)/(Thresholds!$H$7-Thresholds!$G$7))*0.18)))),3) -> 0.82 | O35: =ROUND(IF(H35<=Thresholds!$B$8,1-(H35/Thresholds!$B$8)*0.24,IF(H35<=Thresholds!$D$8,0.75-((H35-Thresholds!$C$8)/(Thresholds!$D$8-Thresholds!$C$8))*0.249,IF(H35<=Thresholds!$F$8,0.499-((H35-Thresholds!$E$8)/(Thresholds!$F$8-Thresholds!$E$8))*0.279,MAX(0.02,0.2-((H35-Thresholds!$G$8)/(Thresholds!$H$8-Thresholds!$G$8))*0.18)))),3) -> 0.912 | P35: =ROUND(MIN(I35:O35),3) -> 0.518 | Q35: =IF(P35>=0.751,"Healthy",IF(P35>=0.501,"Moderate",IF(P35>=0.201,"Poor","Critical"))) -> Moderate | R35: =IF(P35>=0.5,1,0) -> 1 | S35: =IF(AND(F35>=10,F35<=35,P35>0.5),"ERROR_C35H35_POOR_CAP","OK") -> OK
A36: SYN-00035 | B36: 74.83 | C36: 34.291 | D36: 13.08 | E36: 35.811 | F36: 0.413 | G36: 30.376 | H36: 5198.237 | I36: =ROUND(IF(B36<=Thresholds!$B$2,1-(B36/Thresholds!$B$2)*0.24,IF(B36<=Thresholds!$D$2,0.75-((B36-Thresholds!$C$2)/(Thresholds!$D$2-Thresholds!$C$2))*0.249,IF(B36<=Thresholds!$F$2,0.499-((B36-Thresholds!$E$2)/(Thresholds!$F$2-Thresholds!$E$2))*0.279,MAX(0.02,0.2-((B36-Thresholds!$G$2)/(Thresholds!$H$2-Thresholds!$G$2))*0.18)))),3) -> 0.82 | J36: =ROUND(IF(C36<=Thresholds!$B$3,1-(C36/Thresholds!$B$3)*0.24,IF(C36<=Thresholds!$D$3,0.75-((C36-Thresholds!$C$3)/(Thresholds!$D$3-Thresholds!$C$3))*0.249,IF(C36<=Thresholds!$F$3,0.499-((C36-Thresholds!$E$3)/(Thresholds!$F$3-Thresholds!$E$3))*0.279,MAX(0.02,0.2-((C36-Thresholds!$G$3)/(Thresholds!$H$3-Thresholds!$G$3))*0.18)))),3) -> 0.931 | K36: =ROUND(IF(D36<=Thresholds!$B$4,1-(D36/Thresholds!$B$4)*0.24,IF(D36<=Thresholds!$D$4,0.75-((D36-Thresholds!$C$4)/(Thresholds!$D$4-Thresholds!$C$4))*0.249,IF(D36<=Thresholds!$F$4,0.499-((D36-Thresholds!$E$4)/(Thresholds!$F$4-Thresholds!$E$4))*0.279,MAX(0.02,0.2-((D36-Thresholds!$G$4)/(Thresholds!$H$4-Thresholds!$G$4))*0.18)))),3) -> 0.952 | L36: =ROUND(IF(E36<=Thresholds!$B$5,1-(E36/Thresholds!$B$5)*0.24,IF(E36<=Thresholds!$D$5,0.75-((E36-Thresholds!$C$5)/(Thresholds!$D$5-Thresholds!$C$5))*0.249,IF(E36<=Thresholds!$F$5,0.499-((E36-Thresholds!$E$5)/(Thresholds!$F$5-Thresholds!$E$5))*0.279,MAX(0.02,0.2-((E36-Thresholds!$G$5)/(Thresholds!$H$5-Thresholds!$G$5))*0.18)))),3) -> 0.828 | M36: =ROUND(IF(F36<=Thresholds!$B$6,1-(F36/Thresholds!$B$6)*0.24,IF(F36<=Thresholds!$D$6,0.75-((F36-Thresholds!$C$6)/(Thresholds!$D$6-Thresholds!$C$6))*0.249,IF(F36<=Thresholds!$F$6,0.499-((F36-Thresholds!$E$6)/(Thresholds!$F$6-Thresholds!$E$6))*0.279,MAX(0.02,0.2-((F36-Thresholds!$G$6)/(Thresholds!$H$6-Thresholds!$G$6))*0.18)))),3) -> 0.901 | N36: =ROUND(IF(G36<=Thresholds!$B$7,1-(G36/Thresholds!$B$7)*0.24,IF(G36<=Thresholds!$D$7,0.75-((G36-Thresholds!$C$7)/(Thresholds!$D$7-Thresholds!$C$7))*0.249,IF(G36<=Thresholds!$F$7,0.499-((G36-Thresholds!$E$7)/(Thresholds!$F$7-Thresholds!$E$7))*0.279,MAX(0.02,0.2-((G36-Thresholds!$G$7)/(Thresholds!$H$7-Thresholds!$G$7))*0.18)))),3) -> 0.979 | O36: =ROUND(IF(H36<=Thresholds!$B$8,1-(H36/Thresholds!$B$8)*0.24,IF(H36<=Thresholds!$D$8,0.75-((H36-Thresholds!$C$8)/(Thresholds!$D$8-Thresholds!$C$8))*0.249,IF(H36<=Thresholds!$F$8,0.499-((H36-Thresholds!$E$8)/(Thresholds!$F$8-Thresholds!$E$8))*0.279,MAX(0.02,0.2-((H36-Thresholds!$G$8)/(Thresholds!$H$8-Thresholds!$G$8))*0.18)))),3) -> 0.443 | P36: =ROUND(MIN(I36:O36),3) -> 0.443 | Q36: =IF(P36>=0.751,"Healthy",IF(P36>=0.501,"Moderate",IF(P36>=0.201,"Poor","Critical"))) -> Poor | R36: =IF(P36>=0.5,1,0) -> 0 | S36: =IF(AND(F36>=10,F36<=35,P36>0.5),"ERROR_C36H36_POOR_CAP","OK") -> OK
A37: SYN-00036 | B37: 33.993 | C37: 96.669 | D37: 295.066 | E37: 3.624 | F37: 0.233 | G37: 126.647 | H37: 8077.429 | I37: =ROUND(IF(B37<=Thresholds!$B$2,1-(B37/Thresholds!$B$2)*0.24,IF(B37<=Thresholds!$D$2,0.75-((B37-Thresholds!$C$2)/(Thresholds!$D$2-Thresholds!$C$2))*0.249,IF(B37<=Thresholds!$F$2,0.499-((B37-Thresholds!$E$2)/(Thresholds!$F$2-Thresholds!$E$2))*0.279,MAX(0.02,0.2-((B37-Thresholds!$G$2)/(Thresholds!$H$2-Thresholds!$G$2))*0.18)))),3) -> 0.918 | J37: =ROUND(IF(C37<=Thresholds!$B$3,1-(C37/Thresholds!$B$3)*0.24,IF(C37<=Thresholds!$D$3,0.75-((C37-Thresholds!$C$3)/(Thresholds!$D$3-Thresholds!$C$3))*0.249,IF(C37<=Thresholds!$F$3,0.499-((C37-Thresholds!$E$3)/(Thresholds!$F$3-Thresholds!$E$3))*0.279,MAX(0.02,0.2-((C37-Thresholds!$G$3)/(Thresholds!$H$3-Thresholds!$G$3))*0.18)))),3) -> 0.807 | K37: =ROUND(IF(D37<=Thresholds!$B$4,1-(D37/Thresholds!$B$4)*0.24,IF(D37<=Thresholds!$D$4,0.75-((D37-Thresholds!$C$4)/(Thresholds!$D$4-Thresholds!$C$4))*0.249,IF(D37<=Thresholds!$F$4,0.499-((D37-Thresholds!$E$4)/(Thresholds!$F$4-Thresholds!$E$4))*0.279,MAX(0.02,0.2-((D37-Thresholds!$G$4)/(Thresholds!$H$4-Thresholds!$G$4))*0.18)))),3) -> 0.372 | L37: =ROUND(IF(E37<=Thresholds!$B$5,1-(E37/Thresholds!$B$5)*0.24,IF(E37<=Thresholds!$D$5,0.75-((E37-Thresholds!$C$5)/(Thresholds!$D$5-Thresholds!$C$5))*0.249,IF(E37<=Thresholds!$F$5,0.499-((E37-Thresholds!$E$5)/(Thresholds!$F$5-Thresholds!$E$5))*0.279,MAX(0.02,0.2-((E37-Thresholds!$G$5)/(Thresholds!$H$5-Thresholds!$G$5))*0.18)))),3) -> 0.983 | M37: =ROUND(IF(F37<=Thresholds!$B$6,1-(F37/Thresholds!$B$6)*0.24,IF(F37<=Thresholds!$D$6,0.75-((F37-Thresholds!$C$6)/(Thresholds!$D$6-Thresholds!$C$6))*0.249,IF(F37<=Thresholds!$F$6,0.499-((F37-Thresholds!$E$6)/(Thresholds!$F$6-Thresholds!$E$6))*0.279,MAX(0.02,0.2-((F37-Thresholds!$G$6)/(Thresholds!$H$6-Thresholds!$G$6))*0.18)))),3) -> 0.944 | N37: =ROUND(IF(G37<=Thresholds!$B$7,1-(G37/Thresholds!$B$7)*0.24,IF(G37<=Thresholds!$D$7,0.75-((G37-Thresholds!$C$7)/(Thresholds!$D$7-Thresholds!$C$7))*0.249,IF(G37<=Thresholds!$F$7,0.499-((G37-Thresholds!$E$7)/(Thresholds!$F$7-Thresholds!$E$7))*0.279,MAX(0.02,0.2-((G37-Thresholds!$G$7)/(Thresholds!$H$7-Thresholds!$G$7))*0.18)))),3) -> 0.913 | O37: =ROUND(IF(H37<=Thresholds!$B$8,1-(H37/Thresholds!$B$8)*0.24,IF(H37<=Thresholds!$D$8,0.75-((H37-Thresholds!$C$8)/(Thresholds!$D$8-Thresholds!$C$8))*0.249,IF(H37<=Thresholds!$F$8,0.499-((H37-Thresholds!$E$8)/(Thresholds!$F$8-Thresholds!$E$8))*0.279,MAX(0.02,0.2-((H37-Thresholds!$G$8)/(Thresholds!$H$8-Thresholds!$G$8))*0.18)))),3) -> 0.309 | P37: =ROUND(MIN(I37:O37),3) -> 0.309 | Q37: =IF(P37>=0.751,"Healthy",IF(P37>=0.501,"Moderate",IF(P37>=0.201,"Poor","Critical"))) -> Poor | R37: =IF(P37>=0.5,1,0) -> 0 | S37: =IF(AND(F37>=10,F37<=35,P37>0.5),"ERROR_C37H37_POOR_CAP","OK") -> OK
A38: SYN-00037 | B38: 55.94 | C38: 113.073 | D38: 10.372 | E38: 48.594 | F38: 0.22 | G38: 337.543 | H38: 755.483 | I38: =ROUND(IF(B38<=Thresholds!$B$2,1-(B38/Thresholds!$B$2)*0.24,IF(B38<=Thresholds!$D$2,0.75-((B38-Thresholds!$C$2)/(Thresholds!$D$2-Thresholds!$C$2))*0.249,IF(B38<=Thresholds!$F$2,0.499-((B38-Thresholds!$E$2)/(Thresholds!$F$2-Thresholds!$E$2))*0.279,MAX(0.02,0.2-((B38-Thresholds!$G$2)/(Thresholds!$H$2-Thresholds!$G$2))*0.18)))),3) -> 0.866 | J38: =ROUND(IF(C38<=Thresholds!$B$3,1-(C38/Thresholds!$B$3)*0.24,IF(C38<=Thresholds!$D$3,0.75-((C38-Thresholds!$C$3)/(Thresholds!$D$3-Thresholds!$C$3))*0.249,IF(C38<=Thresholds!$F$3,0.499-((C38-Thresholds!$E$3)/(Thresholds!$F$3-Thresholds!$E$3))*0.279,MAX(0.02,0.2-((C38-Thresholds!$G$3)/(Thresholds!$H$3-Thresholds!$G$3))*0.18)))),3) -> 0.774 | K38: =ROUND(IF(D38<=Thresholds!$B$4,1-(D38/Thresholds!$B$4)*0.24,IF(D38<=Thresholds!$D$4,0.75-((D38-Thresholds!$C$4)/(Thresholds!$D$4-Thresholds!$C$4))*0.249,IF(D38<=Thresholds!$F$4,0.499-((D38-Thresholds!$E$4)/(Thresholds!$F$4-Thresholds!$E$4))*0.279,MAX(0.02,0.2-((D38-Thresholds!$G$4)/(Thresholds!$H$4-Thresholds!$G$4))*0.18)))),3) -> 0.962 | L38: =ROUND(IF(E38<=Thresholds!$B$5,1-(E38/Thresholds!$B$5)*0.24,IF(E38<=Thresholds!$D$5,0.75-((E38-Thresholds!$C$5)/(Thresholds!$D$5-Thresholds!$C$5))*0.249,IF(E38<=Thresholds!$F$5,0.499-((E38-Thresholds!$E$5)/(Thresholds!$F$5-Thresholds!$E$5))*0.279,MAX(0.02,0.2-((E38-Thresholds!$G$5)/(Thresholds!$H$5-Thresholds!$G$5))*0.18)))),3) -> 0.767 | M38: =ROUND(IF(F38<=Thresholds!$B$6,1-(F38/Thresholds!$B$6)*0.24,IF(F38<=Thresholds!$D$6,0.75-((F38-Thresholds!$C$6)/(Thresholds!$D$6-Thresholds!$C$6))*0.249,IF(F38<=Thresholds!$F$6,0.499-((F38-Thresholds!$E$6)/(Thresholds!$F$6-Thresholds!$E$6))*0.279,MAX(0.02,0.2-((F38-Thresholds!$G$6)/(Thresholds!$H$6-Thresholds!$G$6))*0.18)))),3) -> 0.947 | N38: =ROUND(IF(G38<=Thresholds!$B$7,1-(G38/Thresholds!$B$7)*0.24,IF(G38<=Thresholds!$D$7,0.75-((G38-Thresholds!$C$7)/(Thresholds!$D$7-Thresholds!$C$7))*0.249,IF(G38<=Thresholds!$F$7,0.499-((G38-Thresholds!$E$7)/(Thresholds!$F$7-Thresholds!$E$7))*0.279,MAX(0.02,0.2-((G38-Thresholds!$G$7)/(Thresholds!$H$7-Thresholds!$G$7))*0.18)))),3) -> 0.769 | O38: =ROUND(IF(H38<=Thresholds!$B$8,1-(H38/Thresholds!$B$8)*0.24,IF(H38<=Thresholds!$D$8,0.75-((H38-Thresholds!$C$8)/(Thresholds!$D$8-Thresholds!$C$8))*0.249,IF(H38<=Thresholds!$F$8,0.499-((H38-Thresholds!$E$8)/(Thresholds!$F$8-Thresholds!$E$8))*0.279,MAX(0.02,0.2-((H38-Thresholds!$G$8)/(Thresholds!$H$8-Thresholds!$G$8))*0.18)))),3) -> 0.927 | P38: =ROUND(MIN(I38:O38),3) -> 0.767 | Q38: =IF(P38>=0.751,"Healthy",IF(P38>=0.501,"Moderate",IF(P38>=0.201,"Poor","Critical"))) -> Healthy | R38: =IF(P38>=0.5,1,0) -> 1 | S38: =IF(AND(F38>=10,F38<=35,P38>0.5),"ERROR_C38H38_POOR_CAP","OK") -> OK
A39: SYN-00038 | B39: 214.857 | C39: 45.408 | D39: 51.812 | E39: 23.229 | F39: 5.164 | G39: 55.952 | H39: 2261.324 | I39: =ROUND(IF(B39<=Thresholds!$B$2,1-(B39/Thresholds!$B$2)*0.24,IF(B39<=Thresholds!$D$2,0.75-((B39-Thresholds!$C$2)/(Thresholds!$D$2-Thresholds!$C$2))*0.249,IF(B39<=Thresholds!$F$2,0.499-((B39-Thresholds!$E$2)/(Thresholds!$F$2-Thresholds!$E$2))*0.279,MAX(0.02,0.2-((B39-Thresholds!$G$2)/(Thresholds!$H$2-Thresholds!$G$2))*0.18)))),3) -> 0.703 | J39: =ROUND(IF(C39<=Thresholds!$B$3,1-(C39/Thresholds!$B$3)*0.24,IF(C39<=Thresholds!$D$3,0.75-((C39-Thresholds!$C$3)/(Thresholds!$D$3-Thresholds!$C$3))*0.249,IF(C39<=Thresholds!$F$3,0.499-((C39-Thresholds!$E$3)/(Thresholds!$F$3-Thresholds!$E$3))*0.279,MAX(0.02,0.2-((C39-Thresholds!$G$3)/(Thresholds!$H$3-Thresholds!$G$3))*0.18)))),3) -> 0.909 | K39: =ROUND(IF(D39<=Thresholds!$B$4,1-(D39/Thresholds!$B$4)*0.24,IF(D39<=Thresholds!$D$4,0.75-((D39-Thresholds!$C$4)/(Thresholds!$D$4-Thresholds!$C$4))*0.249,IF(D39<=Thresholds!$F$4,0.499-((D39-Thresholds!$E$4)/(Thresholds!$F$4-Thresholds!$E$4))*0.279,MAX(0.02,0.2-((D39-Thresholds!$G$4)/(Thresholds!$H$4-Thresholds!$G$4))*0.18)))),3) -> 0.809 | L39: =ROUND(IF(E39<=Thresholds!$B$5,1-(E39/Thresholds!$B$5)*0.24,IF(E39<=Thresholds!$D$5,0.75-((E39-Thresholds!$C$5)/(Thresholds!$D$5-Thresholds!$C$5))*0.249,IF(E39<=Thresholds!$F$5,0.499-((E39-Thresholds!$E$5)/(Thresholds!$F$5-Thresholds!$E$5))*0.279,MAX(0.02,0.2-((E39-Thresholds!$G$5)/(Thresholds!$H$5-Thresholds!$G$5))*0.18)))),3) -> 0.889 | M39: =ROUND(IF(F39<=Thresholds!$B$6,1-(F39/Thresholds!$B$6)*0.24,IF(F39<=Thresholds!$D$6,0.75-((F39-Thresholds!$C$6)/(Thresholds!$D$6-Thresholds!$C$6))*0.249,IF(F39<=Thresholds!$F$6,0.499-((F39-Thresholds!$E$6)/(Thresholds!$F$6-Thresholds!$E$6))*0.279,MAX(0.02,0.2-((F39-Thresholds!$G$6)/(Thresholds!$H$6-Thresholds!$G$6))*0.18)))),3) -> 0.621 | N39: =ROUND(IF(G39<=Thresholds!$B$7,1-(G39/Thresholds!$B$7)*0.24,IF(G39<=Thresholds!$D$7,0.75-((G39-Thresholds!$C$7)/(Thresholds!$D$7-Thresholds!$C$7))*0.249,IF(G39<=Thresholds!$F$7,0.499-((G39-Thresholds!$E$7)/(Thresholds!$F$7-Thresholds!$E$7))*0.279,MAX(0.02,0.2-((G39-Thresholds!$G$7)/(Thresholds!$H$7-Thresholds!$G$7))*0.18)))),3) -> 0.962 | O39: =ROUND(IF(H39<=Thresholds!$B$8,1-(H39/Thresholds!$B$8)*0.24,IF(H39<=Thresholds!$D$8,0.75-((H39-Thresholds!$C$8)/(Thresholds!$D$8-Thresholds!$C$8))*0.249,IF(H39<=Thresholds!$F$8,0.499-((H39-Thresholds!$E$8)/(Thresholds!$F$8-Thresholds!$E$8))*0.279,MAX(0.02,0.2-((H39-Thresholds!$G$8)/(Thresholds!$H$8-Thresholds!$G$8))*0.18)))),3) -> 0.783 | P39: =ROUND(MIN(I39:O39),3) -> 0.621 | Q39: =IF(P39>=0.751,"Healthy",IF(P39>=0.501,"Moderate",IF(P39>=0.201,"Poor","Critical"))) -> Moderate | R39: =IF(P39>=0.5,1,0) -> 1 | S39: =IF(AND(F39>=10,F39<=35,P39>0.5),"ERROR_C39H39_POOR_CAP","OK") -> OK
A40: SYN-00039 | B40: 404.766 | C40: 88.015 | D40: 49.065 | E40: 34.355 | F40: 0.396 | G40: 40.766 | H40: 5981.87 | I40: =ROUND(IF(B40<=Thresholds!$B$2,1-(B40/Thresholds!$B$2)*0.24,IF(B40<=Thresholds!$D$2,0.75-((B40-Thresholds!$C$2)/(Thresholds!$D$2-Thresholds!$C$2))*0.249,IF(B40<=Thresholds!$F$2,0.499-((B40-Thresholds!$E$2)/(Thresholds!$F$2-Thresholds!$E$2))*0.279,MAX(0.02,0.2-((B40-Thresholds!$G$2)/(Thresholds!$H$2-Thresholds!$G$2))*0.18)))),3) -> 0.624 | J40: =ROUND(IF(C40<=Thresholds!$B$3,1-(C40/Thresholds!$B$3)*0.24,IF(C40<=Thresholds!$D$3,0.75-((C40-Thresholds!$C$3)/(Thresholds!$D$3-Thresholds!$C$3))*0.249,IF(C40<=Thresholds!$F$3,0.499-((C40-Thresholds!$E$3)/(Thresholds!$F$3-Thresholds!$E$3))*0.279,MAX(0.02,0.2-((C40-Thresholds!$G$3)/(Thresholds!$H$3-Thresholds!$G$3))*0.18)))),3) -> 0.824 | K40: =ROUND(IF(D40<=Thresholds!$B$4,1-(D40/Thresholds!$B$4)*0.24,IF(D40<=Thresholds!$D$4,0.75-((D40-Thresholds!$C$4)/(Thresholds!$D$4-Thresholds!$C$4))*0.249,IF(D40<=Thresholds!$F$4,0.499-((D40-Thresholds!$E$4)/(Thresholds!$F$4-Thresholds!$E$4))*0.279,MAX(0.02,0.2-((D40-Thresholds!$G$4)/(Thresholds!$H$4-Thresholds!$G$4))*0.18)))),3) -> 0.819 | L40: =ROUND(IF(E40<=Thresholds!$B$5,1-(E40/Thresholds!$B$5)*0.24,IF(E40<=Thresholds!$D$5,0.75-((E40-Thresholds!$C$5)/(Thresholds!$D$5-Thresholds!$C$5))*0.249,IF(E40<=Thresholds!$F$5,0.499-((E40-Thresholds!$E$5)/(Thresholds!$F$5-Thresholds!$E$5))*0.279,MAX(0.02,0.2-((E40-Thresholds!$G$5)/(Thresholds!$H$5-Thresholds!$G$5))*0.18)))),3) -> 0.835 | M40: =ROUND(IF(F40<=Thresholds!$B$6,1-(F40/Thresholds!$B$6)*0.24,IF(F40<=Thresholds!$D$6,0.75-((F40-Thresholds!$C$6)/(Thresholds!$D$6-Thresholds!$C$6))*0.249,IF(F40<=Thresholds!$F$6,0.499-((F40-Thresholds!$E$6)/(Thresholds!$F$6-Thresholds!$E$6))*0.279,MAX(0.02,0.2-((F40-Thresholds!$G$6)/(Thresholds!$H$6-Thresholds!$G$6))*0.18)))),3) -> 0.905 | N40: =ROUND(IF(G40<=Thresholds!$B$7,1-(G40/Thresholds!$B$7)*0.24,IF(G40<=Thresholds!$D$7,0.75-((G40-Thresholds!$C$7)/(Thresholds!$D$7-Thresholds!$C$7))*0.249,IF(G40<=Thresholds!$F$7,0.499-((G40-Thresholds!$E$7)/(Thresholds!$F$7-Thresholds!$E$7))*0.279,MAX(0.02,0.2-((G40-Thresholds!$G$7)/(Thresholds!$H$7-Thresholds!$G$7))*0.18)))),3) -> 0.972 | O40: =ROUND(IF(H40<=Thresholds!$B$8,1-(H40/Thresholds!$B$8)*0.24,IF(H40<=Thresholds!$D$8,0.75-((H40-Thresholds!$C$8)/(Thresholds!$D$8-Thresholds!$C$8))*0.249,IF(H40<=Thresholds!$F$8,0.499-((H40-Thresholds!$E$8)/(Thresholds!$F$8-Thresholds!$E$8))*0.279,MAX(0.02,0.2-((H40-Thresholds!$G$8)/(Thresholds!$H$8-Thresholds!$G$8))*0.18)))),3) -> 0.407 | P40: =ROUND(MIN(I40:O40),3) -> 0.407 | Q40: =IF(P40>=0.751,"Healthy",IF(P40>=0.501,"Moderate",IF(P40>=0.201,"Poor","Critical"))) -> Poor | R40: =IF(P40>=0.5,1,0) -> 0 | S40: =IF(AND(F40>=10,F40<=35,P40>0.5),"ERROR_C40H40_POOR_CAP","OK") -> OK
A41: SYN-00040 | B41: 43.797 | C41: 51.874 | D41: 21.507 | E41: 8.546 | F41: 0.449 | G41: 2664.025 | H41: 1733.63 | I41: =ROUND(IF(B41<=Thresholds!$B$2,1-(B41/Thresholds!$B$2)*0.24,IF(B41<=Thresholds!$D$2,0.75-((B41-Thresholds!$C$2)/(Thresholds!$D$2-Thresholds!$C$2))*0.249,IF(B41<=Thresholds!$F$2,0.499-((B41-Thresholds!$E$2)/(Thresholds!$F$2-Thresholds!$E$2))*0.279,MAX(0.02,0.2-((B41-Thresholds!$G$2)/(Thresholds!$H$2-Thresholds!$G$2))*0.18)))),3) -> 0.895 | J41: =ROUND(IF(C41<=Thresholds!$B$3,1-(C41/Thresholds!$B$3)*0.24,IF(C41<=Thresholds!$D$3,0.75-((C41-Thresholds!$C$3)/(Thresholds!$D$3-Thresholds!$C$3))*0.249,IF(C41<=Thresholds!$F$3,0.499-((C41-Thresholds!$E$3)/(Thresholds!$F$3-Thresholds!$E$3))*0.279,MAX(0.02,0.2-((C41-Thresholds!$G$3)/(Thresholds!$H$3-Thresholds!$G$3))*0.18)))),3) -> 0.896 | K41: =ROUND(IF(D41<=Thresholds!$B$4,1-(D41/Thresholds!$B$4)*0.24,IF(D41<=Thresholds!$D$4,0.75-((D41-Thresholds!$C$4)/(Thresholds!$D$4-Thresholds!$C$4))*0.249,IF(D41<=Thresholds!$F$4,0.499-((D41-Thresholds!$E$4)/(Thresholds!$F$4-Thresholds!$E$4))*0.279,MAX(0.02,0.2-((D41-Thresholds!$G$4)/(Thresholds!$H$4-Thresholds!$G$4))*0.18)))),3) -> 0.921 | L41: =ROUND(IF(E41<=Thresholds!$B$5,1-(E41/Thresholds!$B$5)*0.24,IF(E41<=Thresholds!$D$5,0.75-((E41-Thresholds!$C$5)/(Thresholds!$D$5-Thresholds!$C$5))*0.249,IF(E41<=Thresholds!$F$5,0.499-((E41-Thresholds!$E$5)/(Thresholds!$F$5-Thresholds!$E$5))*0.279,MAX(0.02,0.2-((E41-Thresholds!$G$5)/(Thresholds!$H$5-Thresholds!$G$5))*0.18)))),3) -> 0.959 | M41: =ROUND(IF(F41<=Thresholds!$B$6,1-(F41/Thresholds!$B$6)*0.24,IF(F41<=Thresholds!$D$6,0.75-((F41-Thresholds!$C$6)/(Thresholds!$D$6-Thresholds!$C$6))*0.249,IF(F41<=Thresholds!$F$6,0.499-((F41-Thresholds!$E$6)/(Thresholds!$F$6-Thresholds!$E$6))*0.279,MAX(0.02,0.2-((F41-Thresholds!$G$6)/(Thresholds!$H$6-Thresholds!$G$6))*0.18)))),3) -> 0.892 | N41: =ROUND(IF(G41<=Thresholds!$B$7,1-(G41/Thresholds!$B$7)*0.24,IF(G41<=Thresholds!$D$7,0.75-((G41-Thresholds!$C$7)/(Thresholds!$D$7-Thresholds!$C$7))*0.249,IF(G41<=Thresholds!$F$7,0.499-((G41-Thresholds!$E$7)/(Thresholds!$F$7-Thresholds!$E$7))*0.279,MAX(0.02,0.2-((G41-Thresholds!$G$7)/(Thresholds!$H$7-Thresholds!$G$7))*0.18)))),3) -> 0.362 | O41: =ROUND(IF(H41<=Thresholds!$B$8,1-(H41/Thresholds!$B$8)*0.24,IF(H41<=Thresholds!$D$8,0.75-((H41-Thresholds!$C$8)/(Thresholds!$D$8-Thresholds!$C$8))*0.249,IF(H41<=Thresholds!$F$8,0.499-((H41-Thresholds!$E$8)/(Thresholds!$F$8-Thresholds!$E$8))*0.279,MAX(0.02,0.2-((H41-Thresholds!$G$8)/(Thresholds!$H$8-Thresholds!$G$8))*0.18)))),3) -> 0.834 | P41: =ROUND(MIN(I41:O41),3) -> 0.362 | Q41: =IF(P41>=0.751,"Healthy",IF(P41>=0.501,"Moderate",IF(P41>=0.201,"Poor","Critical"))) -> Poor | R41: =IF(P41>=0.5,1,0) -> 0 | S41: =IF(AND(F41>=10,F41<=35,P41>0.5),"ERROR_C41H41_POOR_CAP","OK") -> OK
A42: SYN-00041 | B42: 43.577 | C42: 101.045 | D42: 22.014 | E42: 12.484 | F42: 0.796 | G42: 219.215 | H42: 890.342 | I42: =ROUND(IF(B42<=Thresholds!$B$2,1-(B42/Thresholds!$B$2)*0.24,IF(B42<=Thresholds!$D$2,0.75-((B42-Thresholds!$C$2)/(Thresholds!$D$2-Thresholds!$C$2))*0.249,IF(B42<=Thresholds!$F$2,0.499-((B42-Thresholds!$E$2)/(Thresholds!$F$2-Thresholds!$E$2))*0.279,MAX(0.02,0.2-((B42-Thresholds!$G$2)/(Thresholds!$H$2-Thresholds!$G$2))*0.18)))),3) -> 0.895 | J42: =ROUND(IF(C42<=Thresholds!$B$3,1-(C42/Thresholds!$B$3)*0.24,IF(C42<=Thresholds!$D$3,0.75-((C42-Thresholds!$C$3)/(Thresholds!$D$3-Thresholds!$C$3))*0.249,IF(C42<=Thresholds!$F$3,0.499-((C42-Thresholds!$E$3)/(Thresholds!$F$3-Thresholds!$E$3))*0.279,MAX(0.02,0.2-((C42-Thresholds!$G$3)/(Thresholds!$H$3-Thresholds!$G$3))*0.18)))),3) -> 0.798 | K42: =ROUND(IF(D42<=Thresholds!$B$4,1-(D42/Thresholds!$B$4)*0.24,IF(D42<=Thresholds!$D$4,0.75-((D42-Thresholds!$C$4)/(Thresholds!$D$4-Thresholds!$C$4))*0.249,IF(D42<=Thresholds!$F$4,0.499-((D42-Thresholds!$E$4)/(Thresholds!$F$4-Thresholds!$E$4))*0.279,MAX(0.02,0.2-((D42-Thresholds!$G$4)/(Thresholds!$H$4-Thresholds!$G$4))*0.18)))),3) -> 0.919 | L42: =ROUND(IF(E42<=Thresholds!$B$5,1-(E42/Thresholds!$B$5)*0.24,IF(E42<=Thresholds!$D$5,0.75-((E42-Thresholds!$C$5)/(Thresholds!$D$5-Thresholds!$C$5))*0.249,IF(E42<=Thresholds!$F$5,0.499-((E42-Thresholds!$E$5)/(Thresholds!$F$5-Thresholds!$E$5))*0.279,MAX(0.02,0.2-((E42-Thresholds!$G$5)/(Thresholds!$H$5-Thresholds!$G$5))*0.18)))),3) -> 0.94 | M42: =ROUND(IF(F42<=Thresholds!$B$6,1-(F42/Thresholds!$B$6)*0.24,IF(F42<=Thresholds!$D$6,0.75-((F42-Thresholds!$C$6)/(Thresholds!$D$6-Thresholds!$C$6))*0.249,IF(F42<=Thresholds!$F$6,0.499-((F42-Thresholds!$E$6)/(Thresholds!$F$6-Thresholds!$E$6))*0.279,MAX(0.02,0.2-((F42-Thresholds!$G$6)/(Thresholds!$H$6-Thresholds!$G$6))*0.18)))),3) -> 0.809 | N42: =ROUND(IF(G42<=Thresholds!$B$7,1-(G42/Thresholds!$B$7)*0.24,IF(G42<=Thresholds!$D$7,0.75-((G42-Thresholds!$C$7)/(Thresholds!$D$7-Thresholds!$C$7))*0.249,IF(G42<=Thresholds!$F$7,0.499-((G42-Thresholds!$E$7)/(Thresholds!$F$7-Thresholds!$E$7))*0.279,MAX(0.02,0.2-((G42-Thresholds!$G$7)/(Thresholds!$H$7-Thresholds!$G$7))*0.18)))),3) -> 0.85 | O42: =ROUND(IF(H42<=Thresholds!$B$8,1-(H42/Thresholds!$B$8)*0.24,IF(H42<=Thresholds!$D$8,0.75-((H42-Thresholds!$C$8)/(Thresholds!$D$8-Thresholds!$C$8))*0.249,IF(H42<=Thresholds!$F$8,0.499-((H42-Thresholds!$E$8)/(Thresholds!$F$8-Thresholds!$E$8))*0.279,MAX(0.02,0.2-((H42-Thresholds!$G$8)/(Thresholds!$H$8-Thresholds!$G$8))*0.18)))),3) -> 0.915 | P42: =ROUND(MIN(I42:O42),3) -> 0.798 | Q42: =IF(P42>=0.751,"Healthy",IF(P42>=0.501,"Moderate",IF(P42>=0.201,"Poor","Critical"))) -> Healthy | R42: =IF(P42>=0.5,1,0) -> 1 | S42: =IF(AND(F42>=10,F42<=35,P42>0.5),"ERROR_C42H42_POOR_CAP","OK") -> OK
A43: SYN-00042 | B43: 47.005 | C43: 30.362 | D43: 32.469 | E43: 76.257 | F43: 0.806 | G43: 73.922 | H43: 326.389 | I43: =ROUND(IF(B43<=Thresholds!$B$2,1-(B43/Thresholds!$B$2)*0.24,IF(B43<=Thresholds!$D$2,0.75-((B43-Thresholds!$C$2)/(Thresholds!$D$2-Thresholds!$C$2))*0.249,IF(B43<=Thresholds!$F$2,0.499-((B43-Thresholds!$E$2)/(Thresholds!$F$2-Thresholds!$E$2))*0.279,MAX(0.02,0.2-((B43-Thresholds!$G$2)/(Thresholds!$H$2-Thresholds!$G$2))*0.18)))),3) -> 0.887 | J43: =ROUND(IF(C43<=Thresholds!$B$3,1-(C43/Thresholds!$B$3)*0.24,IF(C43<=Thresholds!$D$3,0.75-((C43-Thresholds!$C$3)/(Thresholds!$D$3-Thresholds!$C$3))*0.249,IF(C43<=Thresholds!$F$3,0.499-((C43-Thresholds!$E$3)/(Thresholds!$F$3-Thresholds!$E$3))*0.279,MAX(0.02,0.2-((C43-Thresholds!$G$3)/(Thresholds!$H$3-Thresholds!$G$3))*0.18)))),3) -> 0.939 | K43: =ROUND(IF(D43<=Thresholds!$B$4,1-(D43/Thresholds!$B$4)*0.24,IF(D43<=Thresholds!$D$4,0.75-((D43-Thresholds!$C$4)/(Thresholds!$D$4-Thresholds!$C$4))*0.249,IF(D43<=Thresholds!$F$4,0.499-((D43-Thresholds!$E$4)/(Thresholds!$F$4-Thresholds!$E$4))*0.279,MAX(0.02,0.2-((D43-Thresholds!$G$4)/(Thresholds!$H$4-Thresholds!$G$4))*0.18)))),3) -> 0.88 | L43: =ROUND(IF(E43<=Thresholds!$B$5,1-(E43/Thresholds!$B$5)*0.24,IF(E43<=Thresholds!$D$5,0.75-((E43-Thresholds!$C$5)/(Thresholds!$D$5-Thresholds!$C$5))*0.249,IF(E43<=Thresholds!$F$5,0.499-((E43-Thresholds!$E$5)/(Thresholds!$F$5-Thresholds!$E$5))*0.279,MAX(0.02,0.2-((E43-Thresholds!$G$5)/(Thresholds!$H$5-Thresholds!$G$5))*0.18)))),3) -> 0.622 | M43: =ROUND(IF(F43<=Thresholds!$B$6,1-(F43/Thresholds!$B$6)*0.24,IF(F43<=Thresholds!$D$6,0.75-((F43-Thresholds!$C$6)/(Thresholds!$D$6-Thresholds!$C$6))*0.249,IF(F43<=Thresholds!$F$6,0.499-((F43-Thresholds!$E$6)/(Thresholds!$F$6-Thresholds!$E$6))*0.279,MAX(0.02,0.2-((F43-Thresholds!$G$6)/(Thresholds!$H$6-Thresholds!$G$6))*0.18)))),3) -> 0.807 | N43: =ROUND(IF(G43<=Thresholds!$B$7,1-(G43/Thresholds!$B$7)*0.24,IF(G43<=Thresholds!$D$7,0.75-((G43-Thresholds!$C$7)/(Thresholds!$D$7-Thresholds!$C$7))*0.249,IF(G43<=Thresholds!$F$7,0.499-((G43-Thresholds!$E$7)/(Thresholds!$F$7-Thresholds!$E$7))*0.279,MAX(0.02,0.2-((G43-Thresholds!$G$7)/(Thresholds!$H$7-Thresholds!$G$7))*0.18)))),3) -> 0.949 | O43: =ROUND(IF(H43<=Thresholds!$B$8,1-(H43/Thresholds!$B$8)*0.24,IF(H43<=Thresholds!$D$8,0.75-((H43-Thresholds!$C$8)/(Thresholds!$D$8-Thresholds!$C$8))*0.249,IF(H43<=Thresholds!$F$8,0.499-((H43-Thresholds!$E$8)/(Thresholds!$F$8-Thresholds!$E$8))*0.279,MAX(0.02,0.2-((H43-Thresholds!$G$8)/(Thresholds!$H$8-Thresholds!$G$8))*0.18)))),3) -> 0.969 | P43: =ROUND(MIN(I43:O43),3) -> 0.622 | Q43: =IF(P43>=0.751,"Healthy",IF(P43>=0.501,"Moderate",IF(P43>=0.201,"Poor","Critical"))) -> Moderate | R43: =IF(P43>=0.5,1,0) -> 1 | S43: =IF(AND(F43>=10,F43<=35,P43>0.5),"ERROR_C43H43_POOR_CAP","OK") -> OK
A44: SYN-00043 | B44: 13.872 | C44: 114.528 | D44: 149.213 | E44: 17.245 | F44: 0.816 | G44: 66.495 | H44: 234.758 | I44: =ROUND(IF(B44<=Thresholds!$B$2,1-(B44/Thresholds!$B$2)*0.24,IF(B44<=Thresholds!$D$2,0.75-((B44-Thresholds!$C$2)/(Thresholds!$D$2-Thresholds!$C$2))*0.249,IF(B44<=Thresholds!$F$2,0.499-((B44-Thresholds!$E$2)/(Thresholds!$F$2-Thresholds!$E$2))*0.279,MAX(0.02,0.2-((B44-Thresholds!$G$2)/(Thresholds!$H$2-Thresholds!$G$2))*0.18)))),3) -> 0.967 | J44: =ROUND(IF(C44<=Thresholds!$B$3,1-(C44/Thresholds!$B$3)*0.24,IF(C44<=Thresholds!$D$3,0.75-((C44-Thresholds!$C$3)/(Thresholds!$D$3-Thresholds!$C$3))*0.249,IF(C44<=Thresholds!$F$3,0.499-((C44-Thresholds!$E$3)/(Thresholds!$F$3-Thresholds!$E$3))*0.279,MAX(0.02,0.2-((C44-Thresholds!$G$3)/(Thresholds!$H$3-Thresholds!$G$3))*0.18)))),3) -> 0.771 | K44: =ROUND(IF(D44<=Thresholds!$B$4,1-(D44/Thresholds!$B$4)*0.24,IF(D44<=Thresholds!$D$4,0.75-((D44-Thresholds!$C$4)/(Thresholds!$D$4-Thresholds!$C$4))*0.249,IF(D44<=Thresholds!$F$4,0.499-((D44-Thresholds!$E$4)/(Thresholds!$F$4-Thresholds!$E$4))*0.279,MAX(0.02,0.2-((D44-Thresholds!$G$4)/(Thresholds!$H$4-Thresholds!$G$4))*0.18)))),3) -> 0.224 | L44: =ROUND(IF(E44<=Thresholds!$B$5,1-(E44/Thresholds!$B$5)*0.24,IF(E44<=Thresholds!$D$5,0.75-((E44-Thresholds!$C$5)/(Thresholds!$D$5-Thresholds!$C$5))*0.249,IF(E44<=Thresholds!$F$5,0.499-((E44-Thresholds!$E$5)/(Thresholds!$F$5-Thresholds!$E$5))*0.279,MAX(0.02,0.2-((E44-Thresholds!$G$5)/(Thresholds!$H$5-Thresholds!$G$5))*0.18)))),3) -> 0.917 | M44: =ROUND(IF(F44<=Thresholds!$B$6,1-(F44/Thresholds!$B$6)*0.24,IF(F44<=Thresholds!$D$6,0.75-((F44-Thresholds!$C$6)/(Thresholds!$D$6-Thresholds!$C$6))*0.249,IF(F44<=Thresholds!$F$6,0.499-((F44-Thresholds!$E$6)/(Thresholds!$F$6-Thresholds!$E$6))*0.279,MAX(0.02,0.2-((F44-Thresholds!$G$6)/(Thresholds!$H$6-Thresholds!$G$6))*0.18)))),3) -> 0.804 | N44: =ROUND(IF(G44<=Thresholds!$B$7,1-(G44/Thresholds!$B$7)*0.24,IF(G44<=Thresholds!$D$7,0.75-((G44-Thresholds!$C$7)/(Thresholds!$D$7-Thresholds!$C$7))*0.249,IF(G44<=Thresholds!$F$7,0.499-((G44-Thresholds!$E$7)/(Thresholds!$F$7-Thresholds!$E$7))*0.279,MAX(0.02,0.2-((G44-Thresholds!$G$7)/(Thresholds!$H$7-Thresholds!$G$7))*0.18)))),3) -> 0.954 | O44: =ROUND(IF(H44<=Thresholds!$B$8,1-(H44/Thresholds!$B$8)*0.24,IF(H44<=Thresholds!$D$8,0.75-((H44-Thresholds!$C$8)/(Thresholds!$D$8-Thresholds!$C$8))*0.249,IF(H44<=Thresholds!$F$8,0.499-((H44-Thresholds!$E$8)/(Thresholds!$F$8-Thresholds!$E$8))*0.279,MAX(0.02,0.2-((H44-Thresholds!$G$8)/(Thresholds!$H$8-Thresholds!$G$8))*0.18)))),3) -> 0.977 | P44: =ROUND(MIN(I44:O44),3) -> 0.224 | Q44: =IF(P44>=0.751,"Healthy",IF(P44>=0.501,"Moderate",IF(P44>=0.201,"Poor","Critical"))) -> Poor | R44: =IF(P44>=0.5,1,0) -> 0 | S44: =IF(AND(F44>=10,F44<=35,P44>0.5),"ERROR_C44H44_POOR_CAP","OK") -> OK
A45: SYN-00044 | B45: 941.506 | C45: 53.246 | D45: 42.138 | E45: 11.736 | F45: 0.712 | G45: 181.88 | H45: 16560.924 | I45: =ROUND(IF(B45<=Thresholds!$B$2,1-(B45/Thresholds!$B$2)*0.24,IF(B45<=Thresholds!$D$2,0.75-((B45-Thresholds!$C$2)/(Thresholds!$D$2-Thresholds!$C$2))*0.249,IF(B45<=Thresholds!$F$2,0.499-((B45-Thresholds!$E$2)/(Thresholds!$F$2-Thresholds!$E$2))*0.279,MAX(0.02,0.2-((B45-Thresholds!$G$2)/(Thresholds!$H$2-Thresholds!$G$2))*0.18)))),3) -> 0.438 | J45: =ROUND(IF(C45<=Thresholds!$B$3,1-(C45/Thresholds!$B$3)*0.24,IF(C45<=Thresholds!$D$3,0.75-((C45-Thresholds!$C$3)/(Thresholds!$D$3-Thresholds!$C$3))*0.249,IF(C45<=Thresholds!$F$3,0.499-((C45-Thresholds!$E$3)/(Thresholds!$F$3-Thresholds!$E$3))*0.279,MAX(0.02,0.2-((C45-Thresholds!$G$3)/(Thresholds!$H$3-Thresholds!$G$3))*0.18)))),3) -> 0.894 | K45: =ROUND(IF(D45<=Thresholds!$B$4,1-(D45/Thresholds!$B$4)*0.24,IF(D45<=Thresholds!$D$4,0.75-((D45-Thresholds!$C$4)/(Thresholds!$D$4-Thresholds!$C$4))*0.249,IF(D45<=Thresholds!$F$4,0.499-((D45-Thresholds!$E$4)/(Thresholds!$F$4-Thresholds!$E$4))*0.279,MAX(0.02,0.2-((D45-Thresholds!$G$4)/(Thresholds!$H$4-Thresholds!$G$4))*0.18)))),3) -> 0.844 | L45: =ROUND(IF(E45<=Thresholds!$B$5,1-(E45/Thresholds!$B$5)*0.24,IF(E45<=Thresholds!$D$5,0.75-((E45-Thresholds!$C$5)/(Thresholds!$D$5-Thresholds!$C$5))*0.249,IF(E45<=Thresholds!$F$5,0.499-((E45-Thresholds!$E$5)/(Thresholds!$F$5-Thresholds!$E$5))*0.279,MAX(0.02,0.2-((E45-Thresholds!$G$5)/(Thresholds!$H$5-Thresholds!$G$5))*0.18)))),3) -> 0.944 | M45: =ROUND(IF(F45<=Thresholds!$B$6,1-(F45/Thresholds!$B$6)*0.24,IF(F45<=Thresholds!$D$6,0.75-((F45-Thresholds!$C$6)/(Thresholds!$D$6-Thresholds!$C$6))*0.249,IF(F45<=Thresholds!$F$6,0.499-((F45-Thresholds!$E$6)/(Thresholds!$F$6-Thresholds!$E$6))*0.279,MAX(0.02,0.2-((F45-Thresholds!$G$6)/(Thresholds!$H$6-Thresholds!$G$6))*0.18)))),3) -> 0.829 | N45: =ROUND(IF(G45<=Thresholds!$B$7,1-(G45/Thresholds!$B$7)*0.24,IF(G45<=Thresholds!$D$7,0.75-((G45-Thresholds!$C$7)/(Thresholds!$D$7-Thresholds!$C$7))*0.249,IF(G45<=Thresholds!$F$7,0.499-((G45-Thresholds!$E$7)/(Thresholds!$F$7-Thresholds!$E$7))*0.279,MAX(0.02,0.2-((G45-Thresholds!$G$7)/(Thresholds!$H$7-Thresholds!$G$7))*0.18)))),3) -> 0.875 | O45: =ROUND(IF(H45<=Thresholds!$B$8,1-(H45/Thresholds!$B$8)*0.24,IF(H45<=Thresholds!$D$8,0.75-((H45-Thresholds!$C$8)/(Thresholds!$D$8-Thresholds!$C$8))*0.249,IF(H45<=Thresholds!$F$8,0.499-((H45-Thresholds!$E$8)/(Thresholds!$F$8-Thresholds!$E$8))*0.279,MAX(0.02,0.2-((H45-Thresholds!$G$8)/(Thresholds!$H$8-Thresholds!$G$8))*0.18)))),3) -> 0.318 | P45: =ROUND(MIN(I45:O45),3) -> 0.318 | Q45: =IF(P45>=0.751,"Healthy",IF(P45>=0.501,"Moderate",IF(P45>=0.201,"Poor","Critical"))) -> Poor | R45: =IF(P45>=0.5,1,0) -> 0 | S45: =IF(AND(F45>=10,F45<=35,P45>0.5),"ERROR_C45H45_POOR_CAP","OK") -> OK
A46: SYN-00045 | B46: 96.007 | C46: 65.047 | D46: 6.351 | E46: 14.337 | F46: 0.856 | G46: 169.274 | H46: 2028.364 | I46: =ROUND(IF(B46<=Thresholds!$B$2,1-(B46/Thresholds!$B$2)*0.24,IF(B46<=Thresholds!$D$2,0.75-((B46-Thresholds!$C$2)/(Thresholds!$D$2-Thresholds!$C$2))*0.249,IF(B46<=Thresholds!$F$2,0.499-((B46-Thresholds!$E$2)/(Thresholds!$F$2-Thresholds!$E$2))*0.279,MAX(0.02,0.2-((B46-Thresholds!$G$2)/(Thresholds!$H$2-Thresholds!$G$2))*0.18)))),3) -> 0.77 | J46: =ROUND(IF(C46<=Thresholds!$B$3,1-(C46/Thresholds!$B$3)*0.24,IF(C46<=Thresholds!$D$3,0.75-((C46-Thresholds!$C$3)/(Thresholds!$D$3-Thresholds!$C$3))*0.249,IF(C46<=Thresholds!$F$3,0.499-((C46-Thresholds!$E$3)/(Thresholds!$F$3-Thresholds!$E$3))*0.279,MAX(0.02,0.2-((C46-Thresholds!$G$3)/(Thresholds!$H$3-Thresholds!$G$3))*0.18)))),3) -> 0.87 | K46: =ROUND(IF(D46<=Thresholds!$B$4,1-(D46/Thresholds!$B$4)*0.24,IF(D46<=Thresholds!$D$4,0.75-((D46-Thresholds!$C$4)/(Thresholds!$D$4-Thresholds!$C$4))*0.249,IF(D46<=Thresholds!$F$4,0.499-((D46-Thresholds!$E$4)/(Thresholds!$F$4-Thresholds!$E$4))*0.279,MAX(0.02,0.2-((D46-Thresholds!$G$4)/(Thresholds!$H$4-Thresholds!$G$4))*0.18)))),3) -> 0.977 | L46: =ROUND(IF(E46<=Thresholds!$B$5,1-(E46/Thresholds!$B$5)*0.24,IF(E46<=Thresholds!$D$5,0.75-((E46-Thresholds!$C$5)/(Thresholds!$D$5-Thresholds!$C$5))*0.249,IF(E46<=Thresholds!$F$5,0.499-((E46-Thresholds!$E$5)/(Thresholds!$F$5-Thresholds!$E$5))*0.279,MAX(0.02,0.2-((E46-Thresholds!$G$5)/(Thresholds!$H$5-Thresholds!$G$5))*0.18)))),3) -> 0.931 | M46: =ROUND(IF(F46<=Thresholds!$B$6,1-(F46/Thresholds!$B$6)*0.24,IF(F46<=Thresholds!$D$6,0.75-((F46-Thresholds!$C$6)/(Thresholds!$D$6-Thresholds!$C$6))*0.249,IF(F46<=Thresholds!$F$6,0.499-((F46-Thresholds!$E$6)/(Thresholds!$F$6-Thresholds!$E$6))*0.279,MAX(0.02,0.2-((F46-Thresholds!$G$6)/(Thresholds!$H$6-Thresholds!$G$6))*0.18)))),3) -> 0.795 | N46: =ROUND(IF(G46<=Thresholds!$B$7,1-(G46/Thresholds!$B$7)*0.24,IF(G46<=Thresholds!$D$7,0.75-((G46-Thresholds!$C$7)/(Thresholds!$D$7-Thresholds!$C$7))*0.249,IF(G46<=Thresholds!$F$7,0.499-((G46-Thresholds!$E$7)/(Thresholds!$F$7-Thresholds!$E$7))*0.279,MAX(0.02,0.2-((G46-Thresholds!$G$7)/(Thresholds!$H$7-Thresholds!$G$7))*0.18)))),3) -> 0.884 | O46: =ROUND(IF(H46<=Thresholds!$B$8,1-(H46/Thresholds!$B$8)*0.24,IF(H46<=Thresholds!$D$8,0.75-((H46-Thresholds!$C$8)/(Thresholds!$D$8-Thresholds!$C$8))*0.249,IF(H46<=Thresholds!$F$8,0.499-((H46-Thresholds!$E$8)/(Thresholds!$F$8-Thresholds!$E$8))*0.279,MAX(0.02,0.2-((H46-Thresholds!$G$8)/(Thresholds!$H$8-Thresholds!$G$8))*0.18)))),3) -> 0.805 | P46: =ROUND(MIN(I46:O46),3) -> 0.77 | Q46: =IF(P46>=0.751,"Healthy",IF(P46>=0.501,"Moderate",IF(P46>=0.201,"Poor","Critical"))) -> Healthy | R46: =IF(P46>=0.5,1,0) -> 1 | S46: =IF(AND(F46>=10,F46<=35,P46>0.5),"ERROR_C46H46_POOR_CAP","OK") -> OK
A47: SYN-00046 | B47: 55.458 | C47: 69.717 | D47: 22.843 | E47: 38.374 | F47: 0.47 | G47: 444.456 | H47: 2243.548 | I47: =ROUND(IF(B47<=Thresholds!$B$2,1-(B47/Thresholds!$B$2)*0.24,IF(B47<=Thresholds!$D$2,0.75-((B47-Thresholds!$C$2)/(Thresholds!$D$2-Thresholds!$C$2))*0.249,IF(B47<=Thresholds!$F$2,0.499-((B47-Thresholds!$E$2)/(Thresholds!$F$2-Thresholds!$E$2))*0.279,MAX(0.02,0.2-((B47-Thresholds!$G$2)/(Thresholds!$H$2-Thresholds!$G$2))*0.18)))),3) -> 0.867 | J47: =ROUND(IF(C47<=Thresholds!$B$3,1-(C47/Thresholds!$B$3)*0.24,IF(C47<=Thresholds!$D$3,0.75-((C47-Thresholds!$C$3)/(Thresholds!$D$3-Thresholds!$C$3))*0.249,IF(C47<=Thresholds!$F$3,0.499-((C47-Thresholds!$E$3)/(Thresholds!$F$3-Thresholds!$E$3))*0.279,MAX(0.02,0.2-((C47-Thresholds!$G$3)/(Thresholds!$H$3-Thresholds!$G$3))*0.18)))),3) -> 0.861 | K47: =ROUND(IF(D47<=Thresholds!$B$4,1-(D47/Thresholds!$B$4)*0.24,IF(D47<=Thresholds!$D$4,0.75-((D47-Thresholds!$C$4)/(Thresholds!$D$4-Thresholds!$C$4))*0.249,IF(D47<=Thresholds!$F$4,0.499-((D47-Thresholds!$E$4)/(Thresholds!$F$4-Thresholds!$E$4))*0.279,MAX(0.02,0.2-((D47-Thresholds!$G$4)/(Thresholds!$H$4-Thresholds!$G$4))*0.18)))),3) -> 0.916 | L47: =ROUND(IF(E47<=Thresholds!$B$5,1-(E47/Thresholds!$B$5)*0.24,IF(E47<=Thresholds!$D$5,0.75-((E47-Thresholds!$C$5)/(Thresholds!$D$5-Thresholds!$C$5))*0.249,IF(E47<=Thresholds!$F$5,0.499-((E47-Thresholds!$E$5)/(Thresholds!$F$5-Thresholds!$E$5))*0.279,MAX(0.02,0.2-((E47-Thresholds!$G$5)/(Thresholds!$H$5-Thresholds!$G$5))*0.18)))),3) -> 0.816 | M47: =ROUND(IF(F47<=Thresholds!$B$6,1-(F47/Thresholds!$B$6)*0.24,IF(F47<=Thresholds!$D$6,0.75-((F47-Thresholds!$C$6)/(Thresholds!$D$6-Thresholds!$C$6))*0.249,IF(F47<=Thresholds!$F$6,0.499-((F47-Thresholds!$E$6)/(Thresholds!$F$6-Thresholds!$E$6))*0.279,MAX(0.02,0.2-((F47-Thresholds!$G$6)/(Thresholds!$H$6-Thresholds!$G$6))*0.18)))),3) -> 0.887 | N47: =ROUND(IF(G47<=Thresholds!$B$7,1-(G47/Thresholds!$B$7)*0.24,IF(G47<=Thresholds!$D$7,0.75-((G47-Thresholds!$C$7)/(Thresholds!$D$7-Thresholds!$C$7))*0.249,IF(G47<=Thresholds!$F$7,0.499-((G47-Thresholds!$E$7)/(Thresholds!$F$7-Thresholds!$E$7))*0.279,MAX(0.02,0.2-((G47-Thresholds!$G$7)/(Thresholds!$H$7-Thresholds!$G$7))*0.18)))),3) -> 0.644 | O47: =ROUND(IF(H47<=Thresholds!$B$8,1-(H47/Thresholds!$B$8)*0.24,IF(H47<=Thresholds!$D$8,0.75-((H47-Thresholds!$C$8)/(Thresholds!$D$8-Thresholds!$C$8))*0.249,IF(H47<=Thresholds!$F$8,0.499-((H47-Thresholds!$E$8)/(Thresholds!$F$8-Thresholds!$E$8))*0.279,MAX(0.02,0.2-((H47-Thresholds!$G$8)/(Thresholds!$H$8-Thresholds!$G$8))*0.18)))),3) -> 0.785 | P47: =ROUND(MIN(I47:O47),3) -> 0.644 | Q47: =IF(P47>=0.751,"Healthy",IF(P47>=0.501,"Moderate",IF(P47>=0.201,"Poor","Critical"))) -> Moderate | R47: =IF(P47>=0.5,1,0) -> 1 | S47: =IF(AND(F47>=10,F47<=35,P47>0.5),"ERROR_C47H47_POOR_CAP","OK") -> OK
A48: SYN-00047 | B48: 90.235 | C48: 90.777 | D48: 32.561 | E48: 152.609 | F48: 0.285 | G48: 229.522 | H48: 1943.808 | I48: =ROUND(IF(B48<=Thresholds!$B$2,1-(B48/Thresholds!$B$2)*0.24,IF(B48<=Thresholds!$D$2,0.75-((B48-Thresholds!$C$2)/(Thresholds!$D$2-Thresholds!$C$2))*0.249,IF(B48<=Thresholds!$F$2,0.499-((B48-Thresholds!$E$2)/(Thresholds!$F$2-Thresholds!$E$2))*0.279,MAX(0.02,0.2-((B48-Thresholds!$G$2)/(Thresholds!$H$2-Thresholds!$G$2))*0.18)))),3) -> 0.783 | J48: =ROUND(IF(C48<=Thresholds!$B$3,1-(C48/Thresholds!$B$3)*0.24,IF(C48<=Thresholds!$D$3,0.75-((C48-Thresholds!$C$3)/(Thresholds!$D$3-Thresholds!$C$3))*0.249,IF(C48<=Thresholds!$F$3,0.499-((C48-Thresholds!$E$3)/(Thresholds!$F$3-Thresholds!$E$3))*0.279,MAX(0.02,0.2-((C48-Thresholds!$G$3)/(Thresholds!$H$3-Thresholds!$G$3))*0.18)))),3) -> 0.818 | K48: =ROUND(IF(D48<=Thresholds!$B$4,1-(D48/Thresholds!$B$4)*0.24,IF(D48<=Thresholds!$D$4,0.75-((D48-Thresholds!$C$4)/(Thresholds!$D$4-Thresholds!$C$4))*0.249,IF(D48<=Thresholds!$F$4,0.499-((D48-Thresholds!$E$4)/(Thresholds!$F$4-Thresholds!$E$4))*0.279,MAX(0.02,0.2-((D48-Thresholds!$G$4)/(Thresholds!$H$4-Thresholds!$G$4))*0.18)))),3) -> 0.88 | L48: =ROUND(IF(E48<=Thresholds!$B$5,1-(E48/Thresholds!$B$5)*0.24,IF(E48<=Thresholds!$D$5,0.75-((E48-Thresholds!$C$5)/(Thresholds!$D$5-Thresholds!$C$5))*0.249,IF(E48<=Thresholds!$F$5,0.499-((E48-Thresholds!$E$5)/(Thresholds!$F$5-Thresholds!$E$5))*0.279,MAX(0.02,0.2-((E48-Thresholds!$G$5)/(Thresholds!$H$5-Thresholds!$G$5))*0.18)))),3) -> 0.354 | M48: =ROUND(IF(F48<=Thresholds!$B$6,1-(F48/Thresholds!$B$6)*0.24,IF(F48<=Thresholds!$D$6,0.75-((F48-Thresholds!$C$6)/(Thresholds!$D$6-Thresholds!$C$6))*0.249,IF(F48<=Thresholds!$F$6,0.499-((F48-Thresholds!$E$6)/(Thresholds!$F$6-Thresholds!$E$6))*0.279,MAX(0.02,0.2-((F48-Thresholds!$G$6)/(Thresholds!$H$6-Thresholds!$G$6))*0.18)))),3) -> 0.932 | N48: =ROUND(IF(G48<=Thresholds!$B$7,1-(G48/Thresholds!$B$7)*0.24,IF(G48<=Thresholds!$D$7,0.75-((G48-Thresholds!$C$7)/(Thresholds!$D$7-Thresholds!$C$7))*0.249,IF(G48<=Thresholds!$F$7,0.499-((G48-Thresholds!$E$7)/(Thresholds!$F$7-Thresholds!$E$7))*0.279,MAX(0.02,0.2-((G48-Thresholds!$G$7)/(Thresholds!$H$7-Thresholds!$G$7))*0.18)))),3) -> 0.843 | O48: =ROUND(IF(H48<=Thresholds!$B$8,1-(H48/Thresholds!$B$8)*0.24,IF(H48<=Thresholds!$D$8,0.75-((H48-Thresholds!$C$8)/(Thresholds!$D$8-Thresholds!$C$8))*0.249,IF(H48<=Thresholds!$F$8,0.499-((H48-Thresholds!$E$8)/(Thresholds!$F$8-Thresholds!$E$8))*0.279,MAX(0.02,0.2-((H48-Thresholds!$G$8)/(Thresholds!$H$8-Thresholds!$G$8))*0.18)))),3) -> 0.813 | P48: =ROUND(MIN(I48:O48),3) -> 0.354 | Q48: =IF(P48>=0.751,"Healthy",IF(P48>=0.501,"Moderate",IF(P48>=0.201,"Poor","Critical"))) -> Poor | R48: =IF(P48>=0.5,1,0) -> 0 | S48: =IF(AND(F48>=10,F48<=35,P48>0.5),"ERROR_C48H48_POOR_CAP","OK") -> OK
A49: SYN-00048 | B49: 46.788 | C49: 236.748 | D49: 208.072 | E49: 18.453 | F49: 0.898 | G49: 44.292 | H49: 483.223 | I49: =ROUND(IF(B49<=Thresholds!$B$2,1-(B49/Thresholds!$B$2)*0.24,IF(B49<=Thresholds!$D$2,0.75-((B49-Thresholds!$C$2)/(Thresholds!$D$2-Thresholds!$C$2))*0.249,IF(B49<=Thresholds!$F$2,0.499-((B49-Thresholds!$E$2)/(Thresholds!$F$2-Thresholds!$E$2))*0.279,MAX(0.02,0.2-((B49-Thresholds!$G$2)/(Thresholds!$H$2-Thresholds!$G$2))*0.18)))),3) -> 0.888 | J49: =ROUND(IF(C49<=Thresholds!$B$3,1-(C49/Thresholds!$B$3)*0.24,IF(C49<=Thresholds!$D$3,0.75-((C49-Thresholds!$C$3)/(Thresholds!$D$3-Thresholds!$C$3))*0.249,IF(C49<=Thresholds!$F$3,0.499-((C49-Thresholds!$E$3)/(Thresholds!$F$3-Thresholds!$E$3))*0.279,MAX(0.02,0.2-((C49-Thresholds!$G$3)/(Thresholds!$H$3-Thresholds!$G$3))*0.18)))),3) -> 0.647 | K49: =ROUND(IF(D49<=Thresholds!$B$4,1-(D49/Thresholds!$B$4)*0.24,IF(D49<=Thresholds!$D$4,0.75-((D49-Thresholds!$C$4)/(Thresholds!$D$4-Thresholds!$C$4))*0.249,IF(D49<=Thresholds!$F$4,0.499-((D49-Thresholds!$E$4)/(Thresholds!$F$4-Thresholds!$E$4))*0.279,MAX(0.02,0.2-((D49-Thresholds!$G$4)/(Thresholds!$H$4-Thresholds!$G$4))*0.18)))),3) -> 0.268 | L49: =ROUND(IF(E49<=Thresholds!$B$5,1-(E49/Thresholds!$B$5)*0.24,IF(E49<=Thresholds!$D$5,0.75-((E49-Thresholds!$C$5)/(Thresholds!$D$5-Thresholds!$C$5))*0.249,IF(E49<=Thresholds!$F$5,0.499-((E49-Thresholds!$E$5)/(Thresholds!$F$5-Thresholds!$E$5))*0.279,MAX(0.02,0.2-((E49-Thresholds!$G$5)/(Thresholds!$H$5-Thresholds!$G$5))*0.18)))),3) -> 0.911 | M49: =ROUND(IF(F49<=Thresholds!$B$6,1-(F49/Thresholds!$B$6)*0.24,IF(F49<=Thresholds!$D$6,0.75-((F49-Thresholds!$C$6)/(Thresholds!$D$6-Thresholds!$C$6))*0.249,IF(F49<=Thresholds!$F$6,0.499-((F49-Thresholds!$E$6)/(Thresholds!$F$6-Thresholds!$E$6))*0.279,MAX(0.02,0.2-((F49-Thresholds!$G$6)/(Thresholds!$H$6-Thresholds!$G$6))*0.18)))),3) -> 0.784 | N49: =ROUND(IF(G49<=Thresholds!$B$7,1-(G49/Thresholds!$B$7)*0.24,IF(G49<=Thresholds!$D$7,0.75-((G49-Thresholds!$C$7)/(Thresholds!$D$7-Thresholds!$C$7))*0.249,IF(G49<=Thresholds!$F$7,0.499-((G49-Thresholds!$E$7)/(Thresholds!$F$7-Thresholds!$E$7))*0.279,MAX(0.02,0.2-((G49-Thresholds!$G$7)/(Thresholds!$H$7-Thresholds!$G$7))*0.18)))),3) -> 0.97 | O49: =ROUND(IF(H49<=Thresholds!$B$8,1-(H49/Thresholds!$B$8)*0.24,IF(H49<=Thresholds!$D$8,0.75-((H49-Thresholds!$C$8)/(Thresholds!$D$8-Thresholds!$C$8))*0.249,IF(H49<=Thresholds!$F$8,0.499-((H49-Thresholds!$E$8)/(Thresholds!$F$8-Thresholds!$E$8))*0.279,MAX(0.02,0.2-((H49-Thresholds!$G$8)/(Thresholds!$H$8-Thresholds!$G$8))*0.18)))),3) -> 0.954 | P49: =ROUND(MIN(I49:O49),3) -> 0.268 | Q49: =IF(P49>=0.751,"Healthy",IF(P49>=0.501,"Moderate",IF(P49>=0.201,"Poor","Critical"))) -> Poor | R49: =IF(P49>=0.5,1,0) -> 0 | S49: =IF(AND(F49>=10,F49<=35,P49>0.5),"ERROR_C49H49_POOR_CAP","OK") -> OK
A50: SYN-00049 | B50: 56.548 | C50: 53.398 | D50: 16.022 | E50: 22.457 | F50: 0.91 | G50: 211.706 | H50: 1776.867 | I50: =ROUND(IF(B50<=Thresholds!$B$2,1-(B50/Thresholds!$B$2)*0.24,IF(B50<=Thresholds!$D$2,0.75-((B50-Thresholds!$C$2)/(Thresholds!$D$2-Thresholds!$C$2))*0.249,IF(B50<=Thresholds!$F$2,0.499-((B50-Thresholds!$E$2)/(Thresholds!$F$2-Thresholds!$E$2))*0.279,MAX(0.02,0.2-((B50-Thresholds!$G$2)/(Thresholds!$H$2-Thresholds!$G$2))*0.18)))),3) -> 0.864 | J50: =ROUND(IF(C50<=Thresholds!$B$3,1-(C50/Thresholds!$B$3)*0.24,IF(C50<=Thresholds!$D$3,0.75-((C50-Thresholds!$C$3)/(Thresholds!$D$3-Thresholds!$C$3))*0.249,IF(C50<=Thresholds!$F$3,0.499-((C50-Thresholds!$E$3)/(Thresholds!$F$3-Thresholds!$E$3))*0.279,MAX(0.02,0.2-((C50-Thresholds!$G$3)/(Thresholds!$H$3-Thresholds!$G$3))*0.18)))),3) -> 0.893 | K50: =ROUND(IF(D50<=Thresholds!$B$4,1-(D50/Thresholds!$B$4)*0.24,IF(D50<=Thresholds!$D$4,0.75-((D50-Thresholds!$C$4)/(Thresholds!$D$4-Thresholds!$C$4))*0.249,IF(D50<=Thresholds!$F$4,0.499-((D50-Thresholds!$E$4)/(Thresholds!$F$4-Thresholds!$E$4))*0.279,MAX(0.02,0.2-((D50-Thresholds!$G$4)/(Thresholds!$H$4-Thresholds!$G$4))*0.18)))),3) -> 0.941 | L50: =ROUND(IF(E50<=Thresholds!$B$5,1-(E50/Thresholds!$B$5)*0.24,IF(E50<=Thresholds!$D$5,0.75-((E50-Thresholds!$C$5)/(Thresholds!$D$5-Thresholds!$C$5))*0.249,IF(E50<=Thresholds!$F$5,0.499-((E50-Thresholds!$E$5)/(Thresholds!$F$5-Thresholds!$E$5))*0.279,MAX(0.02,0.2-((E50-Thresholds!$G$5)/(Thresholds!$H$5-Thresholds!$G$5))*0.18)))),3) -> 0.892 | M50: =ROUND(IF(F50<=Thresholds!$B$6,1-(F50/Thresholds!$B$6)*0.24,IF(F50<=Thresholds!$D$6,0.75-((F50-Thresholds!$C$6)/(Thresholds!$D$6-Thresholds!$C$6))*0.249,IF(F50<=Thresholds!$F$6,0.499-((F50-Thresholds!$E$6)/(Thresholds!$F$6-Thresholds!$E$6))*0.279,MAX(0.02,0.2-((F50-Thresholds!$G$6)/(Thresholds!$H$6-Thresholds!$G$6))*0.18)))),3) -> 0.782 | N50: =ROUND(IF(G50<=Thresholds!$B$7,1-(G50/Thresholds!$B$7)*0.24,IF(G50<=Thresholds!$D$7,0.75-((G50-Thresholds!$C$7)/(Thresholds!$D$7-Thresholds!$C$7))*0.249,IF(G50<=Thresholds!$F$7,0.499-((G50-Thresholds!$E$7)/(Thresholds!$F$7-Thresholds!$E$7))*0.279,MAX(0.02,0.2-((G50-Thresholds!$G$7)/(Thresholds!$H$7-Thresholds!$G$7))*0.18)))),3) -> 0.855 | O50: =ROUND(IF(H50<=Thresholds!$B$8,1-(H50/Thresholds!$B$8)*0.24,IF(H50<=Thresholds!$D$8,0.75-((H50-Thresholds!$C$8)/(Thresholds!$D$8-Thresholds!$C$8))*0.249,IF(H50<=Thresholds!$F$8,0.499-((H50-Thresholds!$E$8)/(Thresholds!$F$8-Thresholds!$E$8))*0.279,MAX(0.02,0.2-((H50-Thresholds!$G$8)/(Thresholds!$H$8-Thresholds!$G$8))*0.18)))),3) -> 0.829 | P50: =ROUND(MIN(I50:O50),3) -> 0.782 | Q50: =IF(P50>=0.751,"Healthy",IF(P50>=0.501,"Moderate",IF(P50>=0.201,"Poor","Critical"))) -> Healthy | R50: =IF(P50>=0.5,1,0) -> 1 | S50: =IF(AND(F50>=10,F50<=35,P50>0.5),"ERROR_C50H50_POOR_CAP","OK") -> OK
A51: SYN-00050 | B51: 88.662 | C51: 71.629 | D51: 32.703 | E51: 47.28 | F51: 0.334 | G51: 147.171 | H51: 3753.757 | I51: =ROUND(IF(B51<=Thresholds!$B$2,1-(B51/Thresholds!$B$2)*0.24,IF(B51<=Thresholds!$D$2,0.75-((B51-Thresholds!$C$2)/(Thresholds!$D$2-Thresholds!$C$2))*0.249,IF(B51<=Thresholds!$F$2,0.499-((B51-Thresholds!$E$2)/(Thresholds!$F$2-Thresholds!$E$2))*0.279,MAX(0.02,0.2-((B51-Thresholds!$G$2)/(Thresholds!$H$2-Thresholds!$G$2))*0.18)))),3) -> 0.787 | J51: =ROUND(IF(C51<=Thresholds!$B$3,1-(C51/Thresholds!$B$3)*0.24,IF(C51<=Thresholds!$D$3,0.75-((C51-Thresholds!$C$3)/(Thresholds!$D$3-Thresholds!$C$3))*0.249,IF(C51<=Thresholds!$F$3,0.499-((C51-Thresholds!$E$3)/(Thresholds!$F$3-Thresholds!$E$3))*0.279,MAX(0.02,0.2-((C51-Thresholds!$G$3)/(Thresholds!$H$3-Thresholds!$G$3))*0.18)))),3) -> 0.857 | K51: =ROUND(IF(D51<=Thresholds!$B$4,1-(D51/Thresholds!$B$4)*0.24,IF(D51<=Thresholds!$D$4,0.75-((D51-Thresholds!$C$4)/(Thresholds!$D$4-Thresholds!$C$4))*0.249,IF(D51<=Thresholds!$F$4,0.499-((D51-Thresholds!$E$4)/(Thresholds!$F$4-Thresholds!$E$4))*0.279,MAX(0.02,0.2-((D51-Thresholds!$G$4)/(Thresholds!$H$4-Thresholds!$G$4))*0.18)))),3) -> 0.879 | L51: =ROUND(IF(E51<=Thresholds!$B$5,1-(E51/Thresholds!$B$5)*0.24,IF(E51<=Thresholds!$D$5,0.75-((E51-Thresholds!$C$5)/(Thresholds!$D$5-Thresholds!$C$5))*0.249,IF(E51<=Thresholds!$F$5,0.499-((E51-Thresholds!$E$5)/(Thresholds!$F$5-Thresholds!$E$5))*0.279,MAX(0.02,0.2-((E51-Thresholds!$G$5)/(Thresholds!$H$5-Thresholds!$G$5))*0.18)))),3) -> 0.773 | M51: =ROUND(IF(F51<=Thresholds!$B$6,1-(F51/Thresholds!$B$6)*0.24,IF(F51<=Thresholds!$D$6,0.75-((F51-Thresholds!$C$6)/(Thresholds!$D$6-Thresholds!$C$6))*0.249,IF(F51<=Thresholds!$F$6,0.499-((F51-Thresholds!$E$6)/(Thresholds!$F$6-Thresholds!$E$6))*0.279,MAX(0.02,0.2-((F51-Thresholds!$G$6)/(Thresholds!$H$6-Thresholds!$G$6))*0.18)))),3) -> 0.92 | N51: =ROUND(IF(G51<=Thresholds!$B$7,1-(G51/Thresholds!$B$7)*0.24,IF(G51<=Thresholds!$D$7,0.75-((G51-Thresholds!$C$7)/(Thresholds!$D$7-Thresholds!$C$7))*0.249,IF(G51<=Thresholds!$F$7,0.499-((G51-Thresholds!$E$7)/(Thresholds!$F$7-Thresholds!$E$7))*0.279,MAX(0.02,0.2-((G51-Thresholds!$G$7)/(Thresholds!$H$7-Thresholds!$G$7))*0.18)))),3) -> 0.899 | O51: =ROUND(IF(H51<=Thresholds!$B$8,1-(H51/Thresholds!$B$8)*0.24,IF(H51<=Thresholds!$D$8,0.75-((H51-Thresholds!$C$8)/(Thresholds!$D$8-Thresholds!$C$8))*0.249,IF(H51<=Thresholds!$F$8,0.499-((H51-Thresholds!$E$8)/(Thresholds!$F$8-Thresholds!$E$8))*0.279,MAX(0.02,0.2-((H51-Thresholds!$G$8)/(Thresholds!$H$8-Thresholds!$G$8))*0.18)))),3) -> 0.542 | P51: =ROUND(MIN(I51:O51),3) -> 0.542 | Q51: =IF(P51>=0.751,"Healthy",IF(P51>=0.501,"Moderate",IF(P51>=0.201,"Poor","Critical"))) -> Moderate | R51: =IF(P51>=0.5,1,0) -> 1 | S51: =IF(AND(F51>=10,F51<=35,P51>0.5),"ERROR_C51H51_POOR_CAP","OK") -> OK
A52: SYN-00051 | B52: 56.883 | C52: 74.771 | D52: 16.868 | E52: 12.923 | F52: 0.464 | G52: 1134.009 | H52: 923.308 | I52: =ROUND(IF(B52<=Thresholds!$B$2,1-(B52/Thresholds!$B$2)*0.24,IF(B52<=Thresholds!$D$2,0.75-((B52-Thresholds!$C$2)/(Thresholds!$D$2-Thresholds!$C$2))*0.249,IF(B52<=Thresholds!$F$2,0.499-((B52-Thresholds!$E$2)/(Thresholds!$F$2-Thresholds!$E$2))*0.279,MAX(0.02,0.2-((B52-Thresholds!$G$2)/(Thresholds!$H$2-Thresholds!$G$2))*0.18)))),3) -> 0.863 | J52: =ROUND(IF(C52<=Thresholds!$B$3,1-(C52/Thresholds!$B$3)*0.24,IF(C52<=Thresholds!$D$3,0.75-((C52-Thresholds!$C$3)/(Thresholds!$D$3-Thresholds!$C$3))*0.249,IF(C52<=Thresholds!$F$3,0.499-((C52-Thresholds!$E$3)/(Thresholds!$F$3-Thresholds!$E$3))*0.279,MAX(0.02,0.2-((C52-Thresholds!$G$3)/(Thresholds!$H$3-Thresholds!$G$3))*0.18)))),3) -> 0.85 | K52: =ROUND(IF(D52<=Thresholds!$B$4,1-(D52/Thresholds!$B$4)*0.24,IF(D52<=Thresholds!$D$4,0.75-((D52-Thresholds!$C$4)/(Thresholds!$D$4-Thresholds!$C$4))*0.249,IF(D52<=Thresholds!$F$4,0.499-((D52-Thresholds!$E$4)/(Thresholds!$F$4-Thresholds!$E$4))*0.279,MAX(0.02,0.2-((D52-Thresholds!$G$4)/(Thresholds!$H$4-Thresholds!$G$4))*0.18)))),3) -> 0.938 | L52: =ROUND(IF(E52<=Thresholds!$B$5,1-(E52/Thresholds!$B$5)*0.24,IF(E52<=Thresholds!$D$5,0.75-((E52-Thresholds!$C$5)/(Thresholds!$D$5-Thresholds!$C$5))*0.249,IF(E52<=Thresholds!$F$5,0.499-((E52-Thresholds!$E$5)/(Thresholds!$F$5-Thresholds!$E$5))*0.279,MAX(0.02,0.2-((E52-Thresholds!$G$5)/(Thresholds!$H$5-Thresholds!$G$5))*0.18)))),3) -> 0.938 | M52: =ROUND(IF(F52<=Thresholds!$B$6,1-(F52/Thresholds!$B$6)*0.24,IF(F52<=Thresholds!$D$6,0.75-((F52-Thresholds!$C$6)/(Thresholds!$D$6-Thresholds!$C$6))*0.249,IF(F52<=Thresholds!$F$6,0.499-((F52-Thresholds!$E$6)/(Thresholds!$F$6-Thresholds!$E$6))*0.279,MAX(0.02,0.2-((F52-Thresholds!$G$6)/(Thresholds!$H$6-Thresholds!$G$6))*0.18)))),3) -> 0.889 | N52: =ROUND(IF(G52<=Thresholds!$B$7,1-(G52/Thresholds!$B$7)*0.24,IF(G52<=Thresholds!$D$7,0.75-((G52-Thresholds!$C$7)/(Thresholds!$D$7-Thresholds!$C$7))*0.249,IF(G52<=Thresholds!$F$7,0.499-((G52-Thresholds!$E$7)/(Thresholds!$F$7-Thresholds!$E$7))*0.279,MAX(0.02,0.2-((G52-Thresholds!$G$7)/(Thresholds!$H$7-Thresholds!$G$7))*0.18)))),3) -> 0.31 | O52: =ROUND(IF(H52<=Thresholds!$B$8,1-(H52/Thresholds!$B$8)*0.24,IF(H52<=Thresholds!$D$8,0.75-((H52-Thresholds!$C$8)/(Thresholds!$D$8-Thresholds!$C$8))*0.249,IF(H52<=Thresholds!$F$8,0.499-((H52-Thresholds!$E$8)/(Thresholds!$F$8-Thresholds!$E$8))*0.279,MAX(0.02,0.2-((H52-Thresholds!$G$8)/(Thresholds!$H$8-Thresholds!$G$8))*0.18)))),3) -> 0.911 | P52: =ROUND(MIN(I52:O52),3) -> 0.31 | Q52: =IF(P52>=0.751,"Healthy",IF(P52>=0.501,"Moderate",IF(P52>=0.201,"Poor","Critical"))) -> Poor | R52: =IF(P52>=0.5,1,0) -> 0 | S52: =IF(AND(F52>=10,F52<=35,P52>0.5),"ERROR_C52H52_POOR_CAP","OK") -> OK
A53: SYN-00052 | B53: 84.848 | C53: 1084.864 | D53: 63.81 | E53: 27.871 | F53: 0.912 | G53: 214.304 | H53: 1699.624 | I53: =ROUND(IF(B53<=Thresholds!$B$2,1-(B53/Thresholds!$B$2)*0.24,IF(B53<=Thresholds!$D$2,0.75-((B53-Thresholds!$C$2)/(Thresholds!$D$2-Thresholds!$C$2))*0.249,IF(B53<=Thresholds!$F$2,0.499-((B53-Thresholds!$E$2)/(Thresholds!$F$2-Thresholds!$E$2))*0.279,MAX(0.02,0.2-((B53-Thresholds!$G$2)/(Thresholds!$H$2-Thresholds!$G$2))*0.18)))),3) -> 0.796 | J53: =ROUND(IF(C53<=Thresholds!$B$3,1-(C53/Thresholds!$B$3)*0.24,IF(C53<=Thresholds!$D$3,0.75-((C53-Thresholds!$C$3)/(Thresholds!$D$3-Thresholds!$C$3))*0.249,IF(C53<=Thresholds!$F$3,0.499-((C53-Thresholds!$E$3)/(Thresholds!$F$3-Thresholds!$E$3))*0.279,MAX(0.02,0.2-((C53-Thresholds!$G$3)/(Thresholds!$H$3-Thresholds!$G$3))*0.18)))),3) -> 0.215 | K53: =ROUND(IF(D53<=Thresholds!$B$4,1-(D53/Thresholds!$B$4)*0.24,IF(D53<=Thresholds!$D$4,0.75-((D53-Thresholds!$C$4)/(Thresholds!$D$4-Thresholds!$C$4))*0.249,IF(D53<=Thresholds!$F$4,0.499-((D53-Thresholds!$E$4)/(Thresholds!$F$4-Thresholds!$E$4))*0.279,MAX(0.02,0.2-((D53-Thresholds!$G$4)/(Thresholds!$H$4-Thresholds!$G$4))*0.18)))),3) -> 0.764 | L53: =ROUND(IF(E53<=Thresholds!$B$5,1-(E53/Thresholds!$B$5)*0.24,IF(E53<=Thresholds!$D$5,0.75-((E53-Thresholds!$C$5)/(Thresholds!$D$5-Thresholds!$C$5))*0.249,IF(E53<=Thresholds!$F$5,0.499-((E53-Thresholds!$E$5)/(Thresholds!$F$5-Thresholds!$E$5))*0.279,MAX(0.02,0.2-((E53-Thresholds!$G$5)/(Thresholds!$H$5-Thresholds!$G$5))*0.18)))),3) -> 0.866 | M53: =ROUND(IF(F53<=Thresholds!$B$6,1-(F53/Thresholds!$B$6)*0.24,IF(F53<=Thresholds!$D$6,0.75-((F53-Thresholds!$C$6)/(Thresholds!$D$6-Thresholds!$C$6))*0.249,IF(F53<=Thresholds!$F$6,0.499-((F53-Thresholds!$E$6)/(Thresholds!$F$6-Thresholds!$E$6))*0.279,MAX(0.02,0.2-((F53-Thresholds!$G$6)/(Thresholds!$H$6-Thresholds!$G$6))*0.18)))),3) -> 0.781 | N53: =ROUND(IF(G53<=Thresholds!$B$7,1-(G53/Thresholds!$B$7)*0.24,IF(G53<=Thresholds!$D$7,0.75-((G53-Thresholds!$C$7)/(Thresholds!$D$7-Thresholds!$C$7))*0.249,IF(G53<=Thresholds!$F$7,0.499-((G53-Thresholds!$E$7)/(Thresholds!$F$7-Thresholds!$E$7))*0.279,MAX(0.02,0.2-((G53-Thresholds!$G$7)/(Thresholds!$H$7-Thresholds!$G$7))*0.18)))),3) -> 0.853 | O53: =ROUND(IF(H53<=Thresholds!$B$8,1-(H53/Thresholds!$B$8)*0.24,IF(H53<=Thresholds!$D$8,0.75-((H53-Thresholds!$C$8)/(Thresholds!$D$8-Thresholds!$C$8))*0.249,IF(H53<=Thresholds!$F$8,0.499-((H53-Thresholds!$E$8)/(Thresholds!$F$8-Thresholds!$E$8))*0.279,MAX(0.02,0.2-((H53-Thresholds!$G$8)/(Thresholds!$H$8-Thresholds!$G$8))*0.18)))),3) -> 0.837 | P53: =ROUND(MIN(I53:O53),3) -> 0.215 | Q53: =IF(P53>=0.751,"Healthy",IF(P53>=0.501,"Moderate",IF(P53>=0.201,"Poor","Critical"))) -> Poor | R53: =IF(P53>=0.5,1,0) -> 0 | S53: =IF(AND(F53>=10,F53<=35,P53>0.5),"ERROR_C53H53_POOR_CAP","OK") -> OK
A54: SYN-00053 | B54: 48.861 | C54: 11.732 | D54: 26.66 | E54: 12.554 | F54: 0.361 | G54: 270.609 | H54: 1025.425 | I54: =ROUND(IF(B54<=Thresholds!$B$2,1-(B54/Thresholds!$B$2)*0.24,IF(B54<=Thresholds!$D$2,0.75-((B54-Thresholds!$C$2)/(Thresholds!$D$2-Thresholds!$C$2))*0.249,IF(B54<=Thresholds!$F$2,0.499-((B54-Thresholds!$E$2)/(Thresholds!$F$2-Thresholds!$E$2))*0.279,MAX(0.02,0.2-((B54-Thresholds!$G$2)/(Thresholds!$H$2-Thresholds!$G$2))*0.18)))),3) -> 0.883 | J54: =ROUND(IF(C54<=Thresholds!$B$3,1-(C54/Thresholds!$B$3)*0.24,IF(C54<=Thresholds!$D$3,0.75-((C54-Thresholds!$C$3)/(Thresholds!$D$3-Thresholds!$C$3))*0.249,IF(C54<=Thresholds!$F$3,0.499-((C54-Thresholds!$E$3)/(Thresholds!$F$3-Thresholds!$E$3))*0.279,MAX(0.02,0.2-((C54-Thresholds!$G$3)/(Thresholds!$H$3-Thresholds!$G$3))*0.18)))),3) -> 0.977 | K54: =ROUND(IF(D54<=Thresholds!$B$4,1-(D54/Thresholds!$B$4)*0.24,IF(D54<=Thresholds!$D$4,0.75-((D54-Thresholds!$C$4)/(Thresholds!$D$4-Thresholds!$C$4))*0.249,IF(D54<=Thresholds!$F$4,0.499-((D54-Thresholds!$E$4)/(Thresholds!$F$4-Thresholds!$E$4))*0.279,MAX(0.02,0.2-((D54-Thresholds!$G$4)/(Thresholds!$H$4-Thresholds!$G$4))*0.18)))),3) -> 0.902 | L54: =ROUND(IF(E54<=Thresholds!$B$5,1-(E54/Thresholds!$B$5)*0.24,IF(E54<=Thresholds!$D$5,0.75-((E54-Thresholds!$C$5)/(Thresholds!$D$5-Thresholds!$C$5))*0.249,IF(E54<=Thresholds!$F$5,0.499-((E54-Thresholds!$E$5)/(Thresholds!$F$5-Thresholds!$E$5))*0.279,MAX(0.02,0.2-((E54-Thresholds!$G$5)/(Thresholds!$H$5-Thresholds!$G$5))*0.18)))),3) -> 0.94 | M54: =ROUND(IF(F54<=Thresholds!$B$6,1-(F54/Thresholds!$B$6)*0.24,IF(F54<=Thresholds!$D$6,0.75-((F54-Thresholds!$C$6)/(Thresholds!$D$6-Thresholds!$C$6))*0.249,IF(F54<=Thresholds!$F$6,0.499-((F54-Thresholds!$E$6)/(Thresholds!$F$6-Thresholds!$E$6))*0.279,MAX(0.02,0.2-((F54-Thresholds!$G$6)/(Thresholds!$H$6-Thresholds!$G$6))*0.18)))),3) -> 0.913 | N54: =ROUND(IF(G54<=Thresholds!$B$7,1-(G54/Thresholds!$B$7)*0.24,IF(G54<=Thresholds!$D$7,0.75-((G54-Thresholds!$C$7)/(Thresholds!$D$7-Thresholds!$C$7))*0.249,IF(G54<=Thresholds!$F$7,0.499-((G54-Thresholds!$E$7)/(Thresholds!$F$7-Thresholds!$E$7))*0.279,MAX(0.02,0.2-((G54-Thresholds!$G$7)/(Thresholds!$H$7-Thresholds!$G$7))*0.18)))),3) -> 0.814 | O54: =ROUND(IF(H54<=Thresholds!$B$8,1-(H54/Thresholds!$B$8)*0.24,IF(H54<=Thresholds!$D$8,0.75-((H54-Thresholds!$C$8)/(Thresholds!$D$8-Thresholds!$C$8))*0.249,IF(H54<=Thresholds!$F$8,0.499-((H54-Thresholds!$E$8)/(Thresholds!$F$8-Thresholds!$E$8))*0.279,MAX(0.02,0.2-((H54-Thresholds!$G$8)/(Thresholds!$H$8-Thresholds!$G$8))*0.18)))),3) -> 0.902 | P54: =ROUND(MIN(I54:O54),3) -> 0.814 | Q54: =IF(P54>=0.751,"Healthy",IF(P54>=0.501,"Moderate",IF(P54>=0.201,"Poor","Critical"))) -> Healthy | R54: =IF(P54>=0.5,1,0) -> 1 | S54: =IF(AND(F54>=10,F54<=35,P54>0.5),"ERROR_C54H54_POOR_CAP","OK") -> OK
A55: SYN-00054 | B55: 95.364 | C55: 54.058 | D55: 54.806 | E55: 24.84 | F55: 0.762 | G55: 516.177 | H55: 2837.109 | I55: =ROUND(IF(B55<=Thresholds!$B$2,1-(B55/Thresholds!$B$2)*0.24,IF(B55<=Thresholds!$D$2,0.75-((B55-Thresholds!$C$2)/(Thresholds!$D$2-Thresholds!$C$2))*0.249,IF(B55<=Thresholds!$F$2,0.499-((B55-Thresholds!$E$2)/(Thresholds!$F$2-Thresholds!$E$2))*0.279,MAX(0.02,0.2-((B55-Thresholds!$G$2)/(Thresholds!$H$2-Thresholds!$G$2))*0.18)))),3) -> 0.771 | J55: =ROUND(IF(C55<=Thresholds!$B$3,1-(C55/Thresholds!$B$3)*0.24,IF(C55<=Thresholds!$D$3,0.75-((C55-Thresholds!$C$3)/(Thresholds!$D$3-Thresholds!$C$3))*0.249,IF(C55<=Thresholds!$F$3,0.499-((C55-Thresholds!$E$3)/(Thresholds!$F$3-Thresholds!$E$3))*0.279,MAX(0.02,0.2-((C55-Thresholds!$G$3)/(Thresholds!$H$3-Thresholds!$G$3))*0.18)))),3) -> 0.892 | K55: =ROUND(IF(D55<=Thresholds!$B$4,1-(D55/Thresholds!$B$4)*0.24,IF(D55<=Thresholds!$D$4,0.75-((D55-Thresholds!$C$4)/(Thresholds!$D$4-Thresholds!$C$4))*0.249,IF(D55<=Thresholds!$F$4,0.499-((D55-Thresholds!$E$4)/(Thresholds!$F$4-Thresholds!$E$4))*0.279,MAX(0.02,0.2-((D55-Thresholds!$G$4)/(Thresholds!$H$4-Thresholds!$G$4))*0.18)))),3) -> 0.798 | L55: =ROUND(IF(E55<=Thresholds!$B$5,1-(E55/Thresholds!$B$5)*0.24,IF(E55<=Thresholds!$D$5,0.75-((E55-Thresholds!$C$5)/(Thresholds!$D$5-Thresholds!$C$5))*0.249,IF(E55<=Thresholds!$F$5,0.499-((E55-Thresholds!$E$5)/(Thresholds!$F$5-Thresholds!$E$5))*0.279,MAX(0.02,0.2-((E55-Thresholds!$G$5)/(Thresholds!$H$5-Thresholds!$G$5))*0.18)))),3) -> 0.881 | M55: =ROUND(IF(F55<=Thresholds!$B$6,1-(F55/Thresholds!$B$6)*0.24,IF(F55<=Thresholds!$D$6,0.75-((F55-Thresholds!$C$6)/(Thresholds!$D$6-Thresholds!$C$6))*0.249,IF(F55<=Thresholds!$F$6,0.499-((F55-Thresholds!$E$6)/(Thresholds!$F$6-Thresholds!$E$6))*0.279,MAX(0.02,0.2-((F55-Thresholds!$G$6)/(Thresholds!$H$6-Thresholds!$G$6))*0.18)))),3) -> 0.817 | N55: =ROUND(IF(G55<=Thresholds!$B$7,1-(G55/Thresholds!$B$7)*0.24,IF(G55<=Thresholds!$D$7,0.75-((G55-Thresholds!$C$7)/(Thresholds!$D$7-Thresholds!$C$7))*0.249,IF(G55<=Thresholds!$F$7,0.499-((G55-Thresholds!$E$7)/(Thresholds!$F$7-Thresholds!$E$7))*0.279,MAX(0.02,0.2-((G55-Thresholds!$G$7)/(Thresholds!$H$7-Thresholds!$G$7))*0.18)))),3) -> 0.562 | O55: =ROUND(IF(H55<=Thresholds!$B$8,1-(H55/Thresholds!$B$8)*0.24,IF(H55<=Thresholds!$D$8,0.75-((H55-Thresholds!$C$8)/(Thresholds!$D$8-Thresholds!$C$8))*0.249,IF(H55<=Thresholds!$F$8,0.499-((H55-Thresholds!$E$8)/(Thresholds!$F$8-Thresholds!$E$8))*0.279,MAX(0.02,0.2-((H55-Thresholds!$G$8)/(Thresholds!$H$8-Thresholds!$G$8))*0.18)))),3) -> 0.694 | P55: =ROUND(MIN(I55:O55),3) -> 0.562 | Q55: =IF(P55>=0.751,"Healthy",IF(P55>=0.501,"Moderate",IF(P55>=0.201,"Poor","Critical"))) -> Moderate | R55: =IF(P55>=0.5,1,0) -> 1 | S55: =IF(AND(F55>=10,F55<=35,P55>0.5),"ERROR_C55H55_POOR_CAP","OK") -> OK
A56: SYN-00055 | B56: 23.939 | C56: 819.98 | D56: 12.66 | E56: 8.495 | F56: 0.686 | G56: 205.02 | H56: 642.666 | I56: =ROUND(IF(B56<=Thresholds!$B$2,1-(B56/Thresholds!$B$2)*0.24,IF(B56<=Thresholds!$D$2,0.75-((B56-Thresholds!$C$2)/(Thresholds!$D$2-Thresholds!$C$2))*0.249,IF(B56<=Thresholds!$F$2,0.499-((B56-Thresholds!$E$2)/(Thresholds!$F$2-Thresholds!$E$2))*0.279,MAX(0.02,0.2-((B56-Thresholds!$G$2)/(Thresholds!$H$2-Thresholds!$G$2))*0.18)))),3) -> 0.943 | J56: =ROUND(IF(C56<=Thresholds!$B$3,1-(C56/Thresholds!$B$3)*0.24,IF(C56<=Thresholds!$D$3,0.75-((C56-Thresholds!$C$3)/(Thresholds!$D$3-Thresholds!$C$3))*0.249,IF(C56<=Thresholds!$F$3,0.499-((C56-Thresholds!$E$3)/(Thresholds!$F$3-Thresholds!$E$3))*0.279,MAX(0.02,0.2-((C56-Thresholds!$G$3)/(Thresholds!$H$3-Thresholds!$G$3))*0.18)))),3) -> 0.304 | K56: =ROUND(IF(D56<=Thresholds!$B$4,1-(D56/Thresholds!$B$4)*0.24,IF(D56<=Thresholds!$D$4,0.75-((D56-Thresholds!$C$4)/(Thresholds!$D$4-Thresholds!$C$4))*0.249,IF(D56<=Thresholds!$F$4,0.499-((D56-Thresholds!$E$4)/(Thresholds!$F$4-Thresholds!$E$4))*0.279,MAX(0.02,0.2-((D56-Thresholds!$G$4)/(Thresholds!$H$4-Thresholds!$G$4))*0.18)))),3) -> 0.953 | L56: =ROUND(IF(E56<=Thresholds!$B$5,1-(E56/Thresholds!$B$5)*0.24,IF(E56<=Thresholds!$D$5,0.75-((E56-Thresholds!$C$5)/(Thresholds!$D$5-Thresholds!$C$5))*0.249,IF(E56<=Thresholds!$F$5,0.499-((E56-Thresholds!$E$5)/(Thresholds!$F$5-Thresholds!$E$5))*0.279,MAX(0.02,0.2-((E56-Thresholds!$G$5)/(Thresholds!$H$5-Thresholds!$G$5))*0.18)))),3) -> 0.959 | M56: =ROUND(IF(F56<=Thresholds!$B$6,1-(F56/Thresholds!$B$6)*0.24,IF(F56<=Thresholds!$D$6,0.75-((F56-Thresholds!$C$6)/(Thresholds!$D$6-Thresholds!$C$6))*0.249,IF(F56<=Thresholds!$F$6,0.499-((F56-Thresholds!$E$6)/(Thresholds!$F$6-Thresholds!$E$6))*0.279,MAX(0.02,0.2-((F56-Thresholds!$G$6)/(Thresholds!$H$6-Thresholds!$G$6))*0.18)))),3) -> 0.835 | N56: =ROUND(IF(G56<=Thresholds!$B$7,1-(G56/Thresholds!$B$7)*0.24,IF(G56<=Thresholds!$D$7,0.75-((G56-Thresholds!$C$7)/(Thresholds!$D$7-Thresholds!$C$7))*0.249,IF(G56<=Thresholds!$F$7,0.499-((G56-Thresholds!$E$7)/(Thresholds!$F$7-Thresholds!$E$7))*0.279,MAX(0.02,0.2-((G56-Thresholds!$G$7)/(Thresholds!$H$7-Thresholds!$G$7))*0.18)))),3) -> 0.859 | O56: =ROUND(IF(H56<=Thresholds!$B$8,1-(H56/Thresholds!$B$8)*0.24,IF(H56<=Thresholds!$D$8,0.75-((H56-Thresholds!$C$8)/(Thresholds!$D$8-Thresholds!$C$8))*0.249,IF(H56<=Thresholds!$F$8,0.499-((H56-Thresholds!$E$8)/(Thresholds!$F$8-Thresholds!$E$8))*0.279,MAX(0.02,0.2-((H56-Thresholds!$G$8)/(Thresholds!$H$8-Thresholds!$G$8))*0.18)))),3) -> 0.938 | P56: =ROUND(MIN(I56:O56),3) -> 0.304 | Q56: =IF(P56>=0.751,"Healthy",IF(P56>=0.501,"Moderate",IF(P56>=0.201,"Poor","Critical"))) -> Poor | R56: =IF(P56>=0.5,1,0) -> 0 | S56: =IF(AND(F56>=10,F56<=35,P56>0.5),"ERROR_C56H56_POOR_CAP","OK") -> OK
A57: SYN-00056 | B57: 62.56 | C57: 1928.958 | D57: 47.609 | E57: 39.445 | F57: 0.206 | G57: 120.92 | H57: 1499.376 | I57: =ROUND(IF(B57<=Thresholds!$B$2,1-(B57/Thresholds!$B$2)*0.24,IF(B57<=Thresholds!$D$2,0.75-((B57-Thresholds!$C$2)/(Thresholds!$D$2-Thresholds!$C$2))*0.249,IF(B57<=Thresholds!$F$2,0.499-((B57-Thresholds!$E$2)/(Thresholds!$F$2-Thresholds!$E$2))*0.279,MAX(0.02,0.2-((B57-Thresholds!$G$2)/(Thresholds!$H$2-Thresholds!$G$2))*0.18)))),3) -> 0.85 | J57: =ROUND(IF(C57<=Thresholds!$B$3,1-(C57/Thresholds!$B$3)*0.24,IF(C57<=Thresholds!$D$3,0.75-((C57-Thresholds!$C$3)/(Thresholds!$D$3-Thresholds!$C$3))*0.249,IF(C57<=Thresholds!$F$3,0.499-((C57-Thresholds!$E$3)/(Thresholds!$F$3-Thresholds!$E$3))*0.279,MAX(0.02,0.2-((C57-Thresholds!$G$3)/(Thresholds!$H$3-Thresholds!$G$3))*0.18)))),3) -> 0.367 | K57: =ROUND(IF(D57<=Thresholds!$B$4,1-(D57/Thresholds!$B$4)*0.24,IF(D57<=Thresholds!$D$4,0.75-((D57-Thresholds!$C$4)/(Thresholds!$D$4-Thresholds!$C$4))*0.249,IF(D57<=Thresholds!$F$4,0.499-((D57-Thresholds!$E$4)/(Thresholds!$F$4-Thresholds!$E$4))*0.279,MAX(0.02,0.2-((D57-Thresholds!$G$4)/(Thresholds!$H$4-Thresholds!$G$4))*0.18)))),3) -> 0.824 | L57: =ROUND(IF(E57<=Thresholds!$B$5,1-(E57/Thresholds!$B$5)*0.24,IF(E57<=Thresholds!$D$5,0.75-((E57-Thresholds!$C$5)/(Thresholds!$D$5-Thresholds!$C$5))*0.249,IF(E57<=Thresholds!$F$5,0.499-((E57-Thresholds!$E$5)/(Thresholds!$F$5-Thresholds!$E$5))*0.279,MAX(0.02,0.2-((E57-Thresholds!$G$5)/(Thresholds!$H$5-Thresholds!$G$5))*0.18)))),3) -> 0.811 | M57: =ROUND(IF(F57<=Thresholds!$B$6,1-(F57/Thresholds!$B$6)*0.24,IF(F57<=Thresholds!$D$6,0.75-((F57-Thresholds!$C$6)/(Thresholds!$D$6-Thresholds!$C$6))*0.249,IF(F57<=Thresholds!$F$6,0.499-((F57-Thresholds!$E$6)/(Thresholds!$F$6-Thresholds!$E$6))*0.279,MAX(0.02,0.2-((F57-Thresholds!$G$6)/(Thresholds!$H$6-Thresholds!$G$6))*0.18)))),3) -> 0.951 | N57: =ROUND(IF(G57<=Thresholds!$B$7,1-(G57/Thresholds!$B$7)*0.24,IF(G57<=Thresholds!$D$7,0.75-((G57-Thresholds!$C$7)/(Thresholds!$D$7-Thresholds!$C$7))*0.249,IF(G57<=Thresholds!$F$7,0.499-((G57-Thresholds!$E$7)/(Thresholds!$F$7-Thresholds!$E$7))*0.279,MAX(0.02,0.2-((G57-Thresholds!$G$7)/(Thresholds!$H$7-Thresholds!$G$7))*0.18)))),3) -> 0.917 | O57: =ROUND(IF(H57<=Thresholds!$B$8,1-(H57/Thresholds!$B$8)*0.24,IF(H57<=Thresholds!$D$8,0.75-((H57-Thresholds!$C$8)/(Thresholds!$D$8-Thresholds!$C$8))*0.249,IF(H57<=Thresholds!$F$8,0.499-((H57-Thresholds!$E$8)/(Thresholds!$F$8-Thresholds!$E$8))*0.279,MAX(0.02,0.2-((H57-Thresholds!$G$8)/(Thresholds!$H$8-Thresholds!$G$8))*0.18)))),3) -> 0.856 | P57: =ROUND(MIN(I57:O57),3) -> 0.367 | Q57: =IF(P57>=0.751,"Healthy",IF(P57>=0.501,"Moderate",IF(P57>=0.201,"Poor","Critical"))) -> Poor | R57: =IF(P57>=0.5,1,0) -> 0 | S57: =IF(AND(F57>=10,F57<=35,P57>0.5),"ERROR_C57H57_POOR_CAP","OK") -> OK
A58: SYN-00057 | B58: 42.682 | C58: 87.512 | D58: 7.943 | E58: 35.304 | F58: 0.646 | G58: 51.382 | H58: 1959.642 | I58: =ROUND(IF(B58<=Thresholds!$B$2,1-(B58/Thresholds!$B$2)*0.24,IF(B58<=Thresholds!$D$2,0.75-((B58-Thresholds!$C$2)/(Thresholds!$D$2-Thresholds!$C$2))*0.249,IF(B58<=Thresholds!$F$2,0.499-((B58-Thresholds!$E$2)/(Thresholds!$F$2-Thresholds!$E$2))*0.279,MAX(0.02,0.2-((B58-Thresholds!$G$2)/(Thresholds!$H$2-Thresholds!$G$2))*0.18)))),3) -> 0.898 | J58: =ROUND(IF(C58<=Thresholds!$B$3,1-(C58/Thresholds!$B$3)*0.24,IF(C58<=Thresholds!$D$3,0.75-((C58-Thresholds!$C$3)/(Thresholds!$D$3-Thresholds!$C$3))*0.249,IF(C58<=Thresholds!$F$3,0.499-((C58-Thresholds!$E$3)/(Thresholds!$F$3-Thresholds!$E$3))*0.279,MAX(0.02,0.2-((C58-Thresholds!$G$3)/(Thresholds!$H$3-Thresholds!$G$3))*0.18)))),3) -> 0.825 | K58: =ROUND(IF(D58<=Thresholds!$B$4,1-(D58/Thresholds!$B$4)*0.24,IF(D58<=Thresholds!$D$4,0.75-((D58-Thresholds!$C$4)/(Thresholds!$D$4-Thresholds!$C$4))*0.249,IF(D58<=Thresholds!$F$4,0.499-((D58-Thresholds!$E$4)/(Thresholds!$F$4-Thresholds!$E$4))*0.279,MAX(0.02,0.2-((D58-Thresholds!$G$4)/(Thresholds!$H$4-Thresholds!$G$4))*0.18)))),3) -> 0.971 | L58: =ROUND(IF(E58<=Thresholds!$B$5,1-(E58/Thresholds!$B$5)*0.24,IF(E58<=Thresholds!$D$5,0.75-((E58-Thresholds!$C$5)/(Thresholds!$D$5-Thresholds!$C$5))*0.249,IF(E58<=Thresholds!$F$5,0.499-((E58-Thresholds!$E$5)/(Thresholds!$F$5-Thresholds!$E$5))*0.279,MAX(0.02,0.2-((E58-Thresholds!$G$5)/(Thresholds!$H$5-Thresholds!$G$5))*0.18)))),3) -> 0.831 | M58: =ROUND(IF(F58<=Thresholds!$B$6,1-(F58/Thresholds!$B$6)*0.24,IF(F58<=Thresholds!$D$6,0.75-((F58-Thresholds!$C$6)/(Thresholds!$D$6-Thresholds!$C$6))*0.249,IF(F58<=Thresholds!$F$6,0.499-((F58-Thresholds!$E$6)/(Thresholds!$F$6-Thresholds!$E$6))*0.279,MAX(0.02,0.2-((F58-Thresholds!$G$6)/(Thresholds!$H$6-Thresholds!$G$6))*0.18)))),3) -> 0.845 | N58: =ROUND(IF(G58<=Thresholds!$B$7,1-(G58/Thresholds!$B$7)*0.24,IF(G58<=Thresholds!$D$7,0.75-((G58-Thresholds!$C$7)/(Thresholds!$D$7-Thresholds!$C$7))*0.249,IF(G58<=Thresholds!$F$7,0.499-((G58-Thresholds!$E$7)/(Thresholds!$F$7-Thresholds!$E$7))*0.279,MAX(0.02,0.2-((G58-Thresholds!$G$7)/(Thresholds!$H$7-Thresholds!$G$7))*0.18)))),3) -> 0.965 | O58: =ROUND(IF(H58<=Thresholds!$B$8,1-(H58/Thresholds!$B$8)*0.24,IF(H58<=Thresholds!$D$8,0.75-((H58-Thresholds!$C$8)/(Thresholds!$D$8-Thresholds!$C$8))*0.249,IF(H58<=Thresholds!$F$8,0.499-((H58-Thresholds!$E$8)/(Thresholds!$F$8-Thresholds!$E$8))*0.279,MAX(0.02,0.2-((H58-Thresholds!$G$8)/(Thresholds!$H$8-Thresholds!$G$8))*0.18)))),3) -> 0.812 | P58: =ROUND(MIN(I58:O58),3) -> 0.812 | Q58: =IF(P58>=0.751,"Healthy",IF(P58>=0.501,"Moderate",IF(P58>=0.201,"Poor","Critical"))) -> Healthy | R58: =IF(P58>=0.5,1,0) -> 1 | S58: =IF(AND(F58>=10,F58<=35,P58>0.5),"ERROR_C58H58_POOR_CAP","OK") -> OK
A59: SYN-00058 | B59: 70.005 | C59: 97.83 | D59: 52.417 | E59: 29.382 | F59: 0.089 | G59: 194.638 | H59: 2604.366 | I59: =ROUND(IF(B59<=Thresholds!$B$2,1-(B59/Thresholds!$B$2)*0.24,IF(B59<=Thresholds!$D$2,0.75-((B59-Thresholds!$C$2)/(Thresholds!$D$2-Thresholds!$C$2))*0.249,IF(B59<=Thresholds!$F$2,0.499-((B59-Thresholds!$E$2)/(Thresholds!$F$2-Thresholds!$E$2))*0.279,MAX(0.02,0.2-((B59-Thresholds!$G$2)/(Thresholds!$H$2-Thresholds!$G$2))*0.18)))),3) -> 0.832 | J59: =ROUND(IF(C59<=Thresholds!$B$3,1-(C59/Thresholds!$B$3)*0.24,IF(C59<=Thresholds!$D$3,0.75-((C59-Thresholds!$C$3)/(Thresholds!$D$3-Thresholds!$C$3))*0.249,IF(C59<=Thresholds!$F$3,0.499-((C59-Thresholds!$E$3)/(Thresholds!$F$3-Thresholds!$E$3))*0.279,MAX(0.02,0.2-((C59-Thresholds!$G$3)/(Thresholds!$H$3-Thresholds!$G$3))*0.18)))),3) -> 0.804 | K59: =ROUND(IF(D59<=Thresholds!$B$4,1-(D59/Thresholds!$B$4)*0.24,IF(D59<=Thresholds!$D$4,0.75-((D59-Thresholds!$C$4)/(Thresholds!$D$4-Thresholds!$C$4))*0.249,IF(D59<=Thresholds!$F$4,0.499-((D59-Thresholds!$E$4)/(Thresholds!$F$4-Thresholds!$E$4))*0.279,MAX(0.02,0.2-((D59-Thresholds!$G$4)/(Thresholds!$H$4-Thresholds!$G$4))*0.18)))),3) -> 0.806 | L59: =ROUND(IF(E59<=Thresholds!$B$5,1-(E59/Thresholds!$B$5)*0.24,IF(E59<=Thresholds!$D$5,0.75-((E59-Thresholds!$C$5)/(Thresholds!$D$5-Thresholds!$C$5))*0.249,IF(E59<=Thresholds!$F$5,0.499-((E59-Thresholds!$E$5)/(Thresholds!$F$5-Thresholds!$E$5))*0.279,MAX(0.02,0.2-((E59-Thresholds!$G$5)/(Thresholds!$H$5-Thresholds!$G$5))*0.18)))),3) -> 0.859 | M59: =ROUND(IF(F59<=Thresholds!$B$6,1-(F59/Thresholds!$B$6)*0.24,IF(F59<=Thresholds!$D$6,0.75-((F59-Thresholds!$C$6)/(Thresholds!$D$6-Thresholds!$C$6))*0.249,IF(F59<=Thresholds!$F$6,0.499-((F59-Thresholds!$E$6)/(Thresholds!$F$6-Thresholds!$E$6))*0.279,MAX(0.02,0.2-((F59-Thresholds!$G$6)/(Thresholds!$H$6-Thresholds!$G$6))*0.18)))),3) -> 0.979 | N59: =ROUND(IF(G59<=Thresholds!$B$7,1-(G59/Thresholds!$B$7)*0.24,IF(G59<=Thresholds!$D$7,0.75-((G59-Thresholds!$C$7)/(Thresholds!$D$7-Thresholds!$C$7))*0.249,IF(G59<=Thresholds!$F$7,0.499-((G59-Thresholds!$E$7)/(Thresholds!$F$7-Thresholds!$E$7))*0.279,MAX(0.02,0.2-((G59-Thresholds!$G$7)/(Thresholds!$H$7-Thresholds!$G$7))*0.18)))),3) -> 0.867 | O59: =ROUND(IF(H59<=Thresholds!$B$8,1-(H59/Thresholds!$B$8)*0.24,IF(H59<=Thresholds!$D$8,0.75-((H59-Thresholds!$C$8)/(Thresholds!$D$8-Thresholds!$C$8))*0.249,IF(H59<=Thresholds!$F$8,0.499-((H59-Thresholds!$E$8)/(Thresholds!$F$8-Thresholds!$E$8))*0.279,MAX(0.02,0.2-((H59-Thresholds!$G$8)/(Thresholds!$H$8-Thresholds!$G$8))*0.18)))),3) -> 0.733 | P59: =ROUND(MIN(I59:O59),3) -> 0.733 | Q59: =IF(P59>=0.751,"Healthy",IF(P59>=0.501,"Moderate",IF(P59>=0.201,"Poor","Critical"))) -> Moderate | R59: =IF(P59>=0.5,1,0) -> 1 | S59: =IF(AND(F59>=10,F59<=35,P59>0.5),"ERROR_C59H59_POOR_CAP","OK") -> OK
A60: SYN-00059 | B60: 1179.6 | C60: 99.746 | D60: 9.767 | E60: 48.137 | F60: 0.654 | G60: 293.045 | H60: 1804.858 | I60: =ROUND(IF(B60<=Thresholds!$B$2,1-(B60/Thresholds!$B$2)*0.24,IF(B60<=Thresholds!$D$2,0.75-((B60-Thresholds!$C$2)/(Thresholds!$D$2-Thresholds!$C$2))*0.249,IF(B60<=Thresholds!$F$2,0.499-((B60-Thresholds!$E$2)/(Thresholds!$F$2-Thresholds!$E$2))*0.279,MAX(0.02,0.2-((B60-Thresholds!$G$2)/(Thresholds!$H$2-Thresholds!$G$2))*0.18)))),3) -> 0.377 | J60: =ROUND(IF(C60<=Thresholds!$B$3,1-(C60/Thresholds!$B$3)*0.24,IF(C60<=Thresholds!$D$3,0.75-((C60-Thresholds!$C$3)/(Thresholds!$D$3-Thresholds!$C$3))*0.249,IF(C60<=Thresholds!$F$3,0.499-((C60-Thresholds!$E$3)/(Thresholds!$F$3-Thresholds!$E$3))*0.279,MAX(0.02,0.2-((C60-Thresholds!$G$3)/(Thresholds!$H$3-Thresholds!$G$3))*0.18)))),3) -> 0.801 | K60: =ROUND(IF(D60<=Thresholds!$B$4,1-(D60/Thresholds!$B$4)*0.24,IF(D60<=Thresholds!$D$4,0.75-((D60-Thresholds!$C$4)/(Thresholds!$D$4-Thresholds!$C$4))*0.249,IF(D60<=Thresholds!$F$4,0.499-((D60-Thresholds!$E$4)/(Thresholds!$F$4-Thresholds!$E$4))*0.279,MAX(0.02,0.2-((D60-Thresholds!$G$4)/(Thresholds!$H$4-Thresholds!$G$4))*0.18)))),3) -> 0.964 | L60: =ROUND(IF(E60<=Thresholds!$B$5,1-(E60/Thresholds!$B$5)*0.24,IF(E60<=Thresholds!$D$5,0.75-((E60-Thresholds!$C$5)/(Thresholds!$D$5-Thresholds!$C$5))*0.249,IF(E60<=Thresholds!$F$5,0.499-((E60-Thresholds!$E$5)/(Thresholds!$F$5-Thresholds!$E$5))*0.279,MAX(0.02,0.2-((E60-Thresholds!$G$5)/(Thresholds!$H$5-Thresholds!$G$5))*0.18)))),3) -> 0.769 | M60: =ROUND(IF(F60<=Thresholds!$B$6,1-(F60/Thresholds!$B$6)*0.24,IF(F60<=Thresholds!$D$6,0.75-((F60-Thresholds!$C$6)/(Thresholds!$D$6-Thresholds!$C$6))*0.249,IF(F60<=Thresholds!$F$6,0.499-((F60-Thresholds!$E$6)/(Thresholds!$F$6-Thresholds!$E$6))*0.279,MAX(0.02,0.2-((F60-Thresholds!$G$6)/(Thresholds!$H$6-Thresholds!$G$6))*0.18)))),3) -> 0.843 | N60: =ROUND(IF(G60<=Thresholds!$B$7,1-(G60/Thresholds!$B$7)*0.24,IF(G60<=Thresholds!$D$7,0.75-((G60-Thresholds!$C$7)/(Thresholds!$D$7-Thresholds!$C$7))*0.249,IF(G60<=Thresholds!$F$7,0.499-((G60-Thresholds!$E$7)/(Thresholds!$F$7-Thresholds!$E$7))*0.279,MAX(0.02,0.2-((G60-Thresholds!$G$7)/(Thresholds!$H$7-Thresholds!$G$7))*0.18)))),3) -> 0.799 | O60: =ROUND(IF(H60<=Thresholds!$B$8,1-(H60/Thresholds!$B$8)*0.24,IF(H60<=Thresholds!$D$8,0.75-((H60-Thresholds!$C$8)/(Thresholds!$D$8-Thresholds!$C$8))*0.249,IF(H60<=Thresholds!$F$8,0.499-((H60-Thresholds!$E$8)/(Thresholds!$F$8-Thresholds!$E$8))*0.279,MAX(0.02,0.2-((H60-Thresholds!$G$8)/(Thresholds!$H$8-Thresholds!$G$8))*0.18)))),3) -> 0.827 | P60: =ROUND(MIN(I60:O60),3) -> 0.377 | Q60: =IF(P60>=0.751,"Healthy",IF(P60>=0.501,"Moderate",IF(P60>=0.201,"Poor","Critical"))) -> Poor | R60: =IF(P60>=0.5,1,0) -> 0 | S60: =IF(AND(F60>=10,F60<=35,P60>0.5),"ERROR_C60H60_POOR_CAP","OK") -> OK
A61: SYN-00060 | B61: 30.658 | C61: 98.135 | D61: 36.482 | E61: 25.466 | F61: 0.464 | G61: 2592.547 | H61: 762.439 | I61: =ROUND(IF(B61<=Thresholds!$B$2,1-(B61/Thresholds!$B$2)*0.24,IF(B61<=Thresholds!$D$2,0.75-((B61-Thresholds!$C$2)/(Thresholds!$D$2-Thresholds!$C$2))*0.249,IF(B61<=Thresholds!$F$2,0.499-((B61-Thresholds!$E$2)/(Thresholds!$F$2-Thresholds!$E$2))*0.279,MAX(0.02,0.2-((B61-Thresholds!$G$2)/(Thresholds!$H$2-Thresholds!$G$2))*0.18)))),3) -> 0.926 | J61: =ROUND(IF(C61<=Thresholds!$B$3,1-(C61/Thresholds!$B$3)*0.24,IF(C61<=Thresholds!$D$3,0.75-((C61-Thresholds!$C$3)/(Thresholds!$D$3-Thresholds!$C$3))*0.249,IF(C61<=Thresholds!$F$3,0.499-((C61-Thresholds!$E$3)/(Thresholds!$F$3-Thresholds!$E$3))*0.279,MAX(0.02,0.2-((C61-Thresholds!$G$3)/(Thresholds!$H$3-Thresholds!$G$3))*0.18)))),3) -> 0.804 | K61: =ROUND(IF(D61<=Thresholds!$B$4,1-(D61/Thresholds!$B$4)*0.24,IF(D61<=Thresholds!$D$4,0.75-((D61-Thresholds!$C$4)/(Thresholds!$D$4-Thresholds!$C$4))*0.249,IF(D61<=Thresholds!$F$4,0.499-((D61-Thresholds!$E$4)/(Thresholds!$F$4-Thresholds!$E$4))*0.279,MAX(0.02,0.2-((D61-Thresholds!$G$4)/(Thresholds!$H$4-Thresholds!$G$4))*0.18)))),3) -> 0.865 | L61: =ROUND(IF(E61<=Thresholds!$B$5,1-(E61/Thresholds!$B$5)*0.24,IF(E61<=Thresholds!$D$5,0.75-((E61-Thresholds!$C$5)/(Thresholds!$D$5-Thresholds!$C$5))*0.249,IF(E61<=Thresholds!$F$5,0.499-((E61-Thresholds!$E$5)/(Thresholds!$F$5-Thresholds!$E$5))*0.279,MAX(0.02,0.2-((E61-Thresholds!$G$5)/(Thresholds!$H$5-Thresholds!$G$5))*0.18)))),3) -> 0.878 | M61: =ROUND(IF(F61<=Thresholds!$B$6,1-(F61/Thresholds!$B$6)*0.24,IF(F61<=Thresholds!$D$6,0.75-((F61-Thresholds!$C$6)/(Thresholds!$D$6-Thresholds!$C$6))*0.249,IF(F61<=Thresholds!$F$6,0.499-((F61-Thresholds!$E$6)/(Thresholds!$F$6-Thresholds!$E$6))*0.279,MAX(0.02,0.2-((F61-Thresholds!$G$6)/(Thresholds!$H$6-Thresholds!$G$6))*0.18)))),3) -> 0.889 | N61: =ROUND(IF(G61<=Thresholds!$B$7,1-(G61/Thresholds!$B$7)*0.24,IF(G61<=Thresholds!$D$7,0.75-((G61-Thresholds!$C$7)/(Thresholds!$D$7-Thresholds!$C$7))*0.249,IF(G61<=Thresholds!$F$7,0.499-((G61-Thresholds!$E$7)/(Thresholds!$F$7-Thresholds!$E$7))*0.279,MAX(0.02,0.2-((G61-Thresholds!$G$7)/(Thresholds!$H$7-Thresholds!$G$7))*0.18)))),3) -> 0.353 | O61: =ROUND(IF(H61<=Thresholds!$B$8,1-(H61/Thresholds!$B$8)*0.24,IF(H61<=Thresholds!$D$8,0.75-((H61-Thresholds!$C$8)/(Thresholds!$D$8-Thresholds!$C$8))*0.249,IF(H61<=Thresholds!$F$8,0.499-((H61-Thresholds!$E$8)/(Thresholds!$F$8-Thresholds!$E$8))*0.279,MAX(0.02,0.2-((H61-Thresholds!$G$8)/(Thresholds!$H$8-Thresholds!$G$8))*0.18)))),3) -> 0.927 | P61: =ROUND(MIN(I61:O61),3) -> 0.353 | Q61: =IF(P61>=0.751,"Healthy",IF(P61>=0.501,"Moderate",IF(P61>=0.201,"Poor","Critical"))) -> Poor | R61: =IF(P61>=0.5,1,0) -> 0 | S61: =IF(AND(F61>=10,F61<=35,P61>0.5),"ERROR_C61H61_POOR_CAP","OK") -> OK
A62: SYN-00061 | B62: 31.498 | C62: 57.391 | D62: 49.592 | E62: 29.568 | F62: 0.685 | G62: 129.352 | H62: 1298.978 | I62: =ROUND(IF(B62<=Thresholds!$B$2,1-(B62/Thresholds!$B$2)*0.24,IF(B62<=Thresholds!$D$2,0.75-((B62-Thresholds!$C$2)/(Thresholds!$D$2-Thresholds!$C$2))*0.249,IF(B62<=Thresholds!$F$2,0.499-((B62-Thresholds!$E$2)/(Thresholds!$F$2-Thresholds!$E$2))*0.279,MAX(0.02,0.2-((B62-Thresholds!$G$2)/(Thresholds!$H$2-Thresholds!$G$2))*0.18)))),3) -> 0.924 | J62: =ROUND(IF(C62<=Thresholds!$B$3,1-(C62/Thresholds!$B$3)*0.24,IF(C62<=Thresholds!$D$3,0.75-((C62-Thresholds!$C$3)/(Thresholds!$D$3-Thresholds!$C$3))*0.249,IF(C62<=Thresholds!$F$3,0.499-((C62-Thresholds!$E$3)/(Thresholds!$F$3-Thresholds!$E$3))*0.279,MAX(0.02,0.2-((C62-Thresholds!$G$3)/(Thresholds!$H$3-Thresholds!$G$3))*0.18)))),3) -> 0.885 | K62: =ROUND(IF(D62<=Thresholds!$B$4,1-(D62/Thresholds!$B$4)*0.24,IF(D62<=Thresholds!$D$4,0.75-((D62-Thresholds!$C$4)/(Thresholds!$D$4-Thresholds!$C$4))*0.249,IF(D62<=Thresholds!$F$4,0.499-((D62-Thresholds!$E$4)/(Thresholds!$F$4-Thresholds!$E$4))*0.279,MAX(0.02,0.2-((D62-Thresholds!$G$4)/(Thresholds!$H$4-Thresholds!$G$4))*0.18)))),3) -> 0.817 | L62: =ROUND(IF(E62<=Thresholds!$B$5,1-(E62/Thresholds!$B$5)*0.24,IF(E62<=Thresholds!$D$5,0.75-((E62-Thresholds!$C$5)/(Thresholds!$D$5-Thresholds!$C$5))*0.249,IF(E62<=Thresholds!$F$5,0.499-((E62-Thresholds!$E$5)/(Thresholds!$F$5-Thresholds!$E$5))*0.279,MAX(0.02,0.2-((E62-Thresholds!$G$5)/(Thresholds!$H$5-Thresholds!$G$5))*0.18)))),3) -> 0.858 | M62: =ROUND(IF(F62<=Thresholds!$B$6,1-(F62/Thresholds!$B$6)*0.24,IF(F62<=Thresholds!$D$6,0.75-((F62-Thresholds!$C$6)/(Thresholds!$D$6-Thresholds!$C$6))*0.249,IF(F62<=Thresholds!$F$6,0.499-((F62-Thresholds!$E$6)/(Thresholds!$F$6-Thresholds!$E$6))*0.279,MAX(0.02,0.2-((F62-Thresholds!$G$6)/(Thresholds!$H$6-Thresholds!$G$6))*0.18)))),3) -> 0.836 | N62: =ROUND(IF(G62<=Thresholds!$B$7,1-(G62/Thresholds!$B$7)*0.24,IF(G62<=Thresholds!$D$7,0.75-((G62-Thresholds!$C$7)/(Thresholds!$D$7-Thresholds!$C$7))*0.249,IF(G62<=Thresholds!$F$7,0.499-((G62-Thresholds!$E$7)/(Thresholds!$F$7-Thresholds!$E$7))*0.279,MAX(0.02,0.2-((G62-Thresholds!$G$7)/(Thresholds!$H$7-Thresholds!$G$7))*0.18)))),3) -> 0.911 | O62: =ROUND(IF(H62<=Thresholds!$B$8,1-(H62/Thresholds!$B$8)*0.24,IF(H62<=Thresholds!$D$8,0.75-((H62-Thresholds!$C$8)/(Thresholds!$D$8-Thresholds!$C$8))*0.249,IF(H62<=Thresholds!$F$8,0.499-((H62-Thresholds!$E$8)/(Thresholds!$F$8-Thresholds!$E$8))*0.279,MAX(0.02,0.2-((H62-Thresholds!$G$8)/(Thresholds!$H$8-Thresholds!$G$8))*0.18)))),3) -> 0.875 | P62: =ROUND(MIN(I62:O62),3) -> 0.817 | Q62: =IF(P62>=0.751,"Healthy",IF(P62>=0.501,"Moderate",IF(P62>=0.201,"Poor","Critical"))) -> Healthy | R62: =IF(P62>=0.5,1,0) -> 1 | S62: =IF(AND(F62>=10,F62<=35,P62>0.5),"ERROR_C62H62_POOR_CAP","OK") -> OK
A63: SYN-00062 | B63: 22.275 | C63: 30.182 | D63: 66.345 | E63: 18.666 | F63: 0.886 | G63: 250.644 | H63: 781.138 | I63: =ROUND(IF(B63<=Thresholds!$B$2,1-(B63/Thresholds!$B$2)*0.24,IF(B63<=Thresholds!$D$2,0.75-((B63-Thresholds!$C$2)/(Thresholds!$D$2-Thresholds!$C$2))*0.249,IF(B63<=Thresholds!$F$2,0.499-((B63-Thresholds!$E$2)/(Thresholds!$F$2-Thresholds!$E$2))*0.279,MAX(0.02,0.2-((B63-Thresholds!$G$2)/(Thresholds!$H$2-Thresholds!$G$2))*0.18)))),3) -> 0.947 | J63: =ROUND(IF(C63<=Thresholds!$B$3,1-(C63/Thresholds!$B$3)*0.24,IF(C63<=Thresholds!$D$3,0.75-((C63-Thresholds!$C$3)/(Thresholds!$D$3-Thresholds!$C$3))*0.249,IF(C63<=Thresholds!$F$3,0.499-((C63-Thresholds!$E$3)/(Thresholds!$F$3-Thresholds!$E$3))*0.279,MAX(0.02,0.2-((C63-Thresholds!$G$3)/(Thresholds!$H$3-Thresholds!$G$3))*0.18)))),3) -> 0.94 | K63: =ROUND(IF(D63<=Thresholds!$B$4,1-(D63/Thresholds!$B$4)*0.24,IF(D63<=Thresholds!$D$4,0.75-((D63-Thresholds!$C$4)/(Thresholds!$D$4-Thresholds!$C$4))*0.249,IF(D63<=Thresholds!$F$4,0.499-((D63-Thresholds!$E$4)/(Thresholds!$F$4-Thresholds!$E$4))*0.279,MAX(0.02,0.2-((D63-Thresholds!$G$4)/(Thresholds!$H$4-Thresholds!$G$4))*0.18)))),3) -> 0.747 | L63: =ROUND(IF(E63<=Thresholds!$B$5,1-(E63/Thresholds!$B$5)*0.24,IF(E63<=Thresholds!$D$5,0.75-((E63-Thresholds!$C$5)/(Thresholds!$D$5-Thresholds!$C$5))*0.249,IF(E63<=Thresholds!$F$5,0.499-((E63-Thresholds!$E$5)/(Thresholds!$F$5-Thresholds!$E$5))*0.279,MAX(0.02,0.2-((E63-Thresholds!$G$5)/(Thresholds!$H$5-Thresholds!$G$5))*0.18)))),3) -> 0.91 | M63: =ROUND(IF(F63<=Thresholds!$B$6,1-(F63/Thresholds!$B$6)*0.24,IF(F63<=Thresholds!$D$6,0.75-((F63-Thresholds!$C$6)/(Thresholds!$D$6-Thresholds!$C$6))*0.249,IF(F63<=Thresholds!$F$6,0.499-((F63-Thresholds!$E$6)/(Thresholds!$F$6-Thresholds!$E$6))*0.279,MAX(0.02,0.2-((F63-Thresholds!$G$6)/(Thresholds!$H$6-Thresholds!$G$6))*0.18)))),3) -> 0.787 | N63: =ROUND(IF(G63<=Thresholds!$B$7,1-(G63/Thresholds!$B$7)*0.24,IF(G63<=Thresholds!$D$7,0.75-((G63-Thresholds!$C$7)/(Thresholds!$D$7-Thresholds!$C$7))*0.249,IF(G63<=Thresholds!$F$7,0.499-((G63-Thresholds!$E$7)/(Thresholds!$F$7-Thresholds!$E$7))*0.279,MAX(0.02,0.2-((G63-Thresholds!$G$7)/(Thresholds!$H$7-Thresholds!$G$7))*0.18)))),3) -> 0.828 | O63: =ROUND(IF(H63<=Thresholds!$B$8,1-(H63/Thresholds!$B$8)*0.24,IF(H63<=Thresholds!$D$8,0.75-((H63-Thresholds!$C$8)/(Thresholds!$D$8-Thresholds!$C$8))*0.249,IF(H63<=Thresholds!$F$8,0.499-((H63-Thresholds!$E$8)/(Thresholds!$F$8-Thresholds!$E$8))*0.279,MAX(0.02,0.2-((H63-Thresholds!$G$8)/(Thresholds!$H$8-Thresholds!$G$8))*0.18)))),3) -> 0.925 | P63: =ROUND(MIN(I63:O63),3) -> 0.747 | Q63: =IF(P63>=0.751,"Healthy",IF(P63>=0.501,"Moderate",IF(P63>=0.201,"Poor","Critical"))) -> Moderate | R63: =IF(P63>=0.5,1,0) -> 1 | S63: =IF(AND(F63>=10,F63<=35,P63>0.5),"ERROR_C63H63_POOR_CAP","OK") -> OK
A64: SYN-00063 | B64: 719.95 | C64: 52.333 | D64: 37.532 | E64: 13.915 | F64: 3.457 | G64: 254.188 | H64: 1189.415 | I64: =ROUND(IF(B64<=Thresholds!$B$2,1-(B64/Thresholds!$B$2)*0.24,IF(B64<=Thresholds!$D$2,0.75-((B64-Thresholds!$C$2)/(Thresholds!$D$2-Thresholds!$C$2))*0.249,IF(B64<=Thresholds!$F$2,0.499-((B64-Thresholds!$E$2)/(Thresholds!$F$2-Thresholds!$E$2))*0.279,MAX(0.02,0.2-((B64-Thresholds!$G$2)/(Thresholds!$H$2-Thresholds!$G$2))*0.18)))),3) -> 0.494 | J64: =ROUND(IF(C64<=Thresholds!$B$3,1-(C64/Thresholds!$B$3)*0.24,IF(C64<=Thresholds!$D$3,0.75-((C64-Thresholds!$C$3)/(Thresholds!$D$3-Thresholds!$C$3))*0.249,IF(C64<=Thresholds!$F$3,0.499-((C64-Thresholds!$E$3)/(Thresholds!$F$3-Thresholds!$E$3))*0.279,MAX(0.02,0.2-((C64-Thresholds!$G$3)/(Thresholds!$H$3-Thresholds!$G$3))*0.18)))),3) -> 0.895 | K64: =ROUND(IF(D64<=Thresholds!$B$4,1-(D64/Thresholds!$B$4)*0.24,IF(D64<=Thresholds!$D$4,0.75-((D64-Thresholds!$C$4)/(Thresholds!$D$4-Thresholds!$C$4))*0.249,IF(D64<=Thresholds!$F$4,0.499-((D64-Thresholds!$E$4)/(Thresholds!$F$4-Thresholds!$E$4))*0.279,MAX(0.02,0.2-((D64-Thresholds!$G$4)/(Thresholds!$H$4-Thresholds!$G$4))*0.18)))),3) -> 0.861 | L64: =ROUND(IF(E64<=Thresholds!$B$5,1-(E64/Thresholds!$B$5)*0.24,IF(E64<=Thresholds!$D$5,0.75-((E64-Thresholds!$C$5)/(Thresholds!$D$5-Thresholds!$C$5))*0.249,IF(E64<=Thresholds!$F$5,0.499-((E64-Thresholds!$E$5)/(Thresholds!$F$5-Thresholds!$E$5))*0.279,MAX(0.02,0.2-((E64-Thresholds!$G$5)/(Thresholds!$H$5-Thresholds!$G$5))*0.18)))),3) -> 0.933 | M64: =ROUND(IF(F64<=Thresholds!$B$6,1-(F64/Thresholds!$B$6)*0.24,IF(F64<=Thresholds!$D$6,0.75-((F64-Thresholds!$C$6)/(Thresholds!$D$6-Thresholds!$C$6))*0.249,IF(F64<=Thresholds!$F$6,0.499-((F64-Thresholds!$E$6)/(Thresholds!$F$6-Thresholds!$E$6))*0.279,MAX(0.02,0.2-((F64-Thresholds!$G$6)/(Thresholds!$H$6-Thresholds!$G$6))*0.18)))),3) -> 0.674 | N64: =ROUND(IF(G64<=Thresholds!$B$7,1-(G64/Thresholds!$B$7)*0.24,IF(G64<=Thresholds!$D$7,0.75-((G64-Thresholds!$C$7)/(Thresholds!$D$7-Thresholds!$C$7))*0.249,IF(G64<=Thresholds!$F$7,0.499-((G64-Thresholds!$E$7)/(Thresholds!$F$7-Thresholds!$E$7))*0.279,MAX(0.02,0.2-((G64-Thresholds!$G$7)/(Thresholds!$H$7-Thresholds!$G$7))*0.18)))),3) -> 0.826 | O64: =ROUND(IF(H64<=Thresholds!$B$8,1-(H64/Thresholds!$B$8)*0.24,IF(H64<=Thresholds!$D$8,0.75-((H64-Thresholds!$C$8)/(Thresholds!$D$8-Thresholds!$C$8))*0.249,IF(H64<=Thresholds!$F$8,0.499-((H64-Thresholds!$E$8)/(Thresholds!$F$8-Thresholds!$E$8))*0.279,MAX(0.02,0.2-((H64-Thresholds!$G$8)/(Thresholds!$H$8-Thresholds!$G$8))*0.18)))),3) -> 0.886 | P64: =ROUND(MIN(I64:O64),3) -> 0.494 | Q64: =IF(P64>=0.751,"Healthy",IF(P64>=0.501,"Moderate",IF(P64>=0.201,"Poor","Critical"))) -> Poor | R64: =IF(P64>=0.5,1,0) -> 0 | S64: =IF(AND(F64>=10,F64<=35,P64>0.5),"ERROR_C64H64_POOR_CAP","OK") -> OK
A65: SYN-00064 | B65: 40.057 | C65: 69.096 | D65: 24.477 | E65: 49.84 | F65: 48.805 | G65: 134.477 | H65: 2974.006 | I65: =ROUND(IF(B65<=Thresholds!$B$2,1-(B65/Thresholds!$B$2)*0.24,IF(B65<=Thresholds!$D$2,0.75-((B65-Thresholds!$C$2)/(Thresholds!$D$2-Thresholds!$C$2))*0.249,IF(B65<=Thresholds!$F$2,0.499-((B65-Thresholds!$E$2)/(Thresholds!$F$2-Thresholds!$E$2))*0.279,MAX(0.02,0.2-((B65-Thresholds!$G$2)/(Thresholds!$H$2-Thresholds!$G$2))*0.18)))),3) -> 0.904 | J65: =ROUND(IF(C65<=Thresholds!$B$3,1-(C65/Thresholds!$B$3)*0.24,IF(C65<=Thresholds!$D$3,0.75-((C65-Thresholds!$C$3)/(Thresholds!$D$3-Thresholds!$C$3))*0.249,IF(C65<=Thresholds!$F$3,0.499-((C65-Thresholds!$E$3)/(Thresholds!$F$3-Thresholds!$E$3))*0.279,MAX(0.02,0.2-((C65-Thresholds!$G$3)/(Thresholds!$H$3-Thresholds!$G$3))*0.18)))),3) -> 0.862 | K65: =ROUND(IF(D65<=Thresholds!$B$4,1-(D65/Thresholds!$B$4)*0.24,IF(D65<=Thresholds!$D$4,0.75-((D65-Thresholds!$C$4)/(Thresholds!$D$4-Thresholds!$C$4))*0.249,IF(D65<=Thresholds!$F$4,0.499-((D65-Thresholds!$E$4)/(Thresholds!$F$4-Thresholds!$E$4))*0.279,MAX(0.02,0.2-((D65-Thresholds!$G$4)/(Thresholds!$H$4-Thresholds!$G$4))*0.18)))),3) -> 0.91 | L65: =ROUND(IF(E65<=Thresholds!$B$5,1-(E65/Thresholds!$B$5)*0.24,IF(E65<=Thresholds!$D$5,0.75-((E65-Thresholds!$C$5)/(Thresholds!$D$5-Thresholds!$C$5))*0.249,IF(E65<=Thresholds!$F$5,0.499-((E65-Thresholds!$E$5)/(Thresholds!$F$5-Thresholds!$E$5))*0.279,MAX(0.02,0.2-((E65-Thresholds!$G$5)/(Thresholds!$H$5-Thresholds!$G$5))*0.18)))),3) -> 0.761 | M65: =ROUND(IF(F65<=Thresholds!$B$6,1-(F65/Thresholds!$B$6)*0.24,IF(F65<=Thresholds!$D$6,0.75-((F65-Thresholds!$C$6)/(Thresholds!$D$6-Thresholds!$C$6))*0.249,IF(F65<=Thresholds!$F$6,0.499-((F65-Thresholds!$E$6)/(Thresholds!$F$6-Thresholds!$E$6))*0.279,MAX(0.02,0.2-((F65-Thresholds!$G$6)/(Thresholds!$H$6-Thresholds!$G$6))*0.18)))),3) -> 0.271 | N65: =ROUND(IF(G65<=Thresholds!$B$7,1-(G65/Thresholds!$B$7)*0.24,IF(G65<=Thresholds!$D$7,0.75-((G65-Thresholds!$C$7)/(Thresholds!$D$7-Thresholds!$C$7))*0.249,IF(G65<=Thresholds!$F$7,0.499-((G65-Thresholds!$E$7)/(Thresholds!$F$7-Thresholds!$E$7))*0.279,MAX(0.02,0.2-((G65-Thresholds!$G$7)/(Thresholds!$H$7-Thresholds!$G$7))*0.18)))),3) -> 0.908 | O65: =ROUND(IF(H65<=Thresholds!$B$8,1-(H65/Thresholds!$B$8)*0.24,IF(H65<=Thresholds!$D$8,0.75-((H65-Thresholds!$C$8)/(Thresholds!$D$8-Thresholds!$C$8))*0.249,IF(H65<=Thresholds!$F$8,0.499-((H65-Thresholds!$E$8)/(Thresholds!$F$8-Thresholds!$E$8))*0.279,MAX(0.02,0.2-((H65-Thresholds!$G$8)/(Thresholds!$H$8-Thresholds!$G$8))*0.18)))),3) -> 0.671 | P65: =ROUND(MIN(I65:O65),3) -> 0.271 | Q65: =IF(P65>=0.751,"Healthy",IF(P65>=0.501,"Moderate",IF(P65>=0.201,"Poor","Critical"))) -> Poor | R65: =IF(P65>=0.5,1,0) -> 0 | S65: =IF(AND(F65>=10,F65<=35,P65>0.5),"ERROR_C65H65_POOR_CAP","OK") -> OK
A66: SYN-00065 | B66: 55.907 | C66: 92.89 | D66: 14.683 | E66: 12.778 | F66: 0.51 | G66: 258.425 | H66: 2444.442 | I66: =ROUND(IF(B66<=Thresholds!$B$2,1-(B66/Thresholds!$B$2)*0.24,IF(B66<=Thresholds!$D$2,0.75-((B66-Thresholds!$C$2)/(Thresholds!$D$2-Thresholds!$C$2))*0.249,IF(B66<=Thresholds!$F$2,0.499-((B66-Thresholds!$E$2)/(Thresholds!$F$2-Thresholds!$E$2))*0.279,MAX(0.02,0.2-((B66-Thresholds!$G$2)/(Thresholds!$H$2-Thresholds!$G$2))*0.18)))),3) -> 0.866 | J66: =ROUND(IF(C66<=Thresholds!$B$3,1-(C66/Thresholds!$B$3)*0.24,IF(C66<=Thresholds!$D$3,0.75-((C66-Thresholds!$C$3)/(Thresholds!$D$3-Thresholds!$C$3))*0.249,IF(C66<=Thresholds!$F$3,0.499-((C66-Thresholds!$E$3)/(Thresholds!$F$3-Thresholds!$E$3))*0.279,MAX(0.02,0.2-((C66-Thresholds!$G$3)/(Thresholds!$H$3-Thresholds!$G$3))*0.18)))),3) -> 0.814 | K66: =ROUND(IF(D66<=Thresholds!$B$4,1-(D66/Thresholds!$B$4)*0.24,IF(D66<=Thresholds!$D$4,0.75-((D66-Thresholds!$C$4)/(Thresholds!$D$4-Thresholds!$C$4))*0.249,IF(D66<=Thresholds!$F$4,0.499-((D66-Thresholds!$E$4)/(Thresholds!$F$4-Thresholds!$E$4))*0.279,MAX(0.02,0.2-((D66-Thresholds!$G$4)/(Thresholds!$H$4-Thresholds!$G$4))*0.18)))),3) -> 0.946 | L66: =ROUND(IF(E66<=Thresholds!$B$5,1-(E66/Thresholds!$B$5)*0.24,IF(E66<=Thresholds!$D$5,0.75-((E66-Thresholds!$C$5)/(Thresholds!$D$5-Thresholds!$C$5))*0.249,IF(E66<=Thresholds!$F$5,0.499-((E66-Thresholds!$E$5)/(Thresholds!$F$5-Thresholds!$E$5))*0.279,MAX(0.02,0.2-((E66-Thresholds!$G$5)/(Thresholds!$H$5-Thresholds!$G$5))*0.18)))),3) -> 0.939 | M66: =ROUND(IF(F66<=Thresholds!$B$6,1-(F66/Thresholds!$B$6)*0.24,IF(F66<=Thresholds!$D$6,0.75-((F66-Thresholds!$C$6)/(Thresholds!$D$6-Thresholds!$C$6))*0.249,IF(F66<=Thresholds!$F$6,0.499-((F66-Thresholds!$E$6)/(Thresholds!$F$6-Thresholds!$E$6))*0.279,MAX(0.02,0.2-((F66-Thresholds!$G$6)/(Thresholds!$H$6-Thresholds!$G$6))*0.18)))),3) -> 0.878 | N66: =ROUND(IF(G66<=Thresholds!$B$7,1-(G66/Thresholds!$B$7)*0.24,IF(G66<=Thresholds!$D$7,0.75-((G66-Thresholds!$C$7)/(Thresholds!$D$7-Thresholds!$C$7))*0.249,IF(G66<=Thresholds!$F$7,0.499-((G66-Thresholds!$E$7)/(Thresholds!$F$7-Thresholds!$E$7))*0.279,MAX(0.02,0.2-((G66-Thresholds!$G$7)/(Thresholds!$H$7-Thresholds!$G$7))*0.18)))),3) -> 0.823 | O66: =ROUND(IF(H66<=Thresholds!$B$8,1-(H66/Thresholds!$B$8)*0.24,IF(H66<=Thresholds!$D$8,0.75-((H66-Thresholds!$C$8)/(Thresholds!$D$8-Thresholds!$C$8))*0.249,IF(H66<=Thresholds!$F$8,0.499-((H66-Thresholds!$E$8)/(Thresholds!$F$8-Thresholds!$E$8))*0.279,MAX(0.02,0.2-((H66-Thresholds!$G$8)/(Thresholds!$H$8-Thresholds!$G$8))*0.18)))),3) -> 0.765 | P66: =ROUND(MIN(I66:O66),3) -> 0.765 | Q66: =IF(P66>=0.751,"Healthy",IF(P66>=0.501,"Moderate",IF(P66>=0.201,"Poor","Critical"))) -> Healthy | R66: =IF(P66>=0.5,1,0) -> 1 | S66: =IF(AND(F66>=10,F66<=35,P66>0.5),"ERROR_C66H66_POOR_CAP","OK") -> OK
A67: SYN-00066 | B67: 518.753 | C67: 117.778 | D67: 54.665 | E67: 16.572 | F67: 2.021 | G67: 118.004 | H67: 1806.544 | I67: =ROUND(IF(B67<=Thresholds!$B$2,1-(B67/Thresholds!$B$2)*0.24,IF(B67<=Thresholds!$D$2,0.75-((B67-Thresholds!$C$2)/(Thresholds!$D$2-Thresholds!$C$2))*0.249,IF(B67<=Thresholds!$F$2,0.499-((B67-Thresholds!$E$2)/(Thresholds!$F$2-Thresholds!$E$2))*0.279,MAX(0.02,0.2-((B67-Thresholds!$G$2)/(Thresholds!$H$2-Thresholds!$G$2))*0.18)))),3) -> 0.576 | J67: =ROUND(IF(C67<=Thresholds!$B$3,1-(C67/Thresholds!$B$3)*0.24,IF(C67<=Thresholds!$D$3,0.75-((C67-Thresholds!$C$3)/(Thresholds!$D$3-Thresholds!$C$3))*0.249,IF(C67<=Thresholds!$F$3,0.499-((C67-Thresholds!$E$3)/(Thresholds!$F$3-Thresholds!$E$3))*0.279,MAX(0.02,0.2-((C67-Thresholds!$G$3)/(Thresholds!$H$3-Thresholds!$G$3))*0.18)))),3) -> 0.764 | K67: =ROUND(IF(D67<=Thresholds!$B$4,1-(D67/Thresholds!$B$4)*0.24,IF(D67<=Thresholds!$D$4,0.75-((D67-Thresholds!$C$4)/(Thresholds!$D$4-Thresholds!$C$4))*0.249,IF(D67<=Thresholds!$F$4,0.499-((D67-Thresholds!$E$4)/(Thresholds!$F$4-Thresholds!$E$4))*0.279,MAX(0.02,0.2-((D67-Thresholds!$G$4)/(Thresholds!$H$4-Thresholds!$G$4))*0.18)))),3) -> 0.798 | L67: =ROUND(IF(E67<=Thresholds!$B$5,1-(E67/Thresholds!$B$5)*0.24,IF(E67<=Thresholds!$D$5,0.75-((E67-Thresholds!$C$5)/(Thresholds!$D$5-Thresholds!$C$5))*0.249,IF(E67<=Thresholds!$F$5,0.499-((E67-Thresholds!$E$5)/(Thresholds!$F$5-Thresholds!$E$5))*0.279,MAX(0.02,0.2-((E67-Thresholds!$G$5)/(Thresholds!$H$5-Thresholds!$G$5))*0.18)))),3) -> 0.92 | M67: =ROUND(IF(F67<=Thresholds!$B$6,1-(F67/Thresholds!$B$6)*0.24,IF(F67<=Thresholds!$D$6,0.75-((F67-Thresholds!$C$6)/(Thresholds!$D$6-Thresholds!$C$6))*0.249,IF(F67<=Thresholds!$F$6,0.499-((F67-Thresholds!$E$6)/(Thresholds!$F$6-Thresholds!$E$6))*0.279,MAX(0.02,0.2-((F67-Thresholds!$G$6)/(Thresholds!$H$6-Thresholds!$G$6))*0.18)))),3) -> 0.718 | N67: =ROUND(IF(G67<=Thresholds!$B$7,1-(G67/Thresholds!$B$7)*0.24,IF(G67<=Thresholds!$D$7,0.75-((G67-Thresholds!$C$7)/(Thresholds!$D$7-Thresholds!$C$7))*0.249,IF(G67<=Thresholds!$F$7,0.499-((G67-Thresholds!$E$7)/(Thresholds!$F$7-Thresholds!$E$7))*0.279,MAX(0.02,0.2-((G67-Thresholds!$G$7)/(Thresholds!$H$7-Thresholds!$G$7))*0.18)))),3) -> 0.919 | O67: =ROUND(IF(H67<=Thresholds!$B$8,1-(H67/Thresholds!$B$8)*0.24,IF(H67<=Thresholds!$D$8,0.75-((H67-Thresholds!$C$8)/(Thresholds!$D$8-Thresholds!$C$8))*0.249,IF(H67<=Thresholds!$F$8,0.499-((H67-Thresholds!$E$8)/(Thresholds!$F$8-Thresholds!$E$8))*0.279,MAX(0.02,0.2-((H67-Thresholds!$G$8)/(Thresholds!$H$8-Thresholds!$G$8))*0.18)))),3) -> 0.827 | P67: =ROUND(MIN(I67:O67),3) -> 0.576 | Q67: =IF(P67>=0.751,"Healthy",IF(P67>=0.501,"Moderate",IF(P67>=0.201,"Poor","Critical"))) -> Moderate | R67: =IF(P67>=0.5,1,0) -> 1 | S67: =IF(AND(F67>=10,F67<=35,P67>0.5),"ERROR_C67H67_POOR_CAP","OK") -> OK
A68: SYN-00067 | B68: 65.598 | C68: 979.333 | D68: 9.585 | E68: 3.083 | F68: 7.579 | G68: 176.672 | H68: 934.177 | I68: =ROUND(IF(B68<=Thresholds!$B$2,1-(B68/Thresholds!$B$2)*0.24,IF(B68<=Thresholds!$D$2,0.75-((B68-Thresholds!$C$2)/(Thresholds!$D$2-Thresholds!$C$2))*0.249,IF(B68<=Thresholds!$F$2,0.499-((B68-Thresholds!$E$2)/(Thresholds!$F$2-Thresholds!$E$2))*0.279,MAX(0.02,0.2-((B68-Thresholds!$G$2)/(Thresholds!$H$2-Thresholds!$G$2))*0.18)))),3) -> 0.843 | J68: =ROUND(IF(C68<=Thresholds!$B$3,1-(C68/Thresholds!$B$3)*0.24,IF(C68<=Thresholds!$D$3,0.75-((C68-Thresholds!$C$3)/(Thresholds!$D$3-Thresholds!$C$3))*0.249,IF(C68<=Thresholds!$F$3,0.499-((C68-Thresholds!$E$3)/(Thresholds!$F$3-Thresholds!$E$3))*0.279,MAX(0.02,0.2-((C68-Thresholds!$G$3)/(Thresholds!$H$3-Thresholds!$G$3))*0.18)))),3) -> 0.23 | K68: =ROUND(IF(D68<=Thresholds!$B$4,1-(D68/Thresholds!$B$4)*0.24,IF(D68<=Thresholds!$D$4,0.75-((D68-Thresholds!$C$4)/(Thresholds!$D$4-Thresholds!$C$4))*0.249,IF(D68<=Thresholds!$F$4,0.499-((D68-Thresholds!$E$4)/(Thresholds!$F$4-Thresholds!$E$4))*0.279,MAX(0.02,0.2-((D68-Thresholds!$G$4)/(Thresholds!$H$4-Thresholds!$G$4))*0.18)))),3) -> 0.965 | L68: =ROUND(IF(E68<=Thresholds!$B$5,1-(E68/Thresholds!$B$5)*0.24,IF(E68<=Thresholds!$D$5,0.75-((E68-Thresholds!$C$5)/(Thresholds!$D$5-Thresholds!$C$5))*0.249,IF(E68<=Thresholds!$F$5,0.499-((E68-Thresholds!$E$5)/(Thresholds!$F$5-Thresholds!$E$5))*0.279,MAX(0.02,0.2-((E68-Thresholds!$G$5)/(Thresholds!$H$5-Thresholds!$G$5))*0.18)))),3) -> 0.985 | M68: =ROUND(IF(F68<=Thresholds!$B$6,1-(F68/Thresholds!$B$6)*0.24,IF(F68<=Thresholds!$D$6,0.75-((F68-Thresholds!$C$6)/(Thresholds!$D$6-Thresholds!$C$6))*0.249,IF(F68<=Thresholds!$F$6,0.499-((F68-Thresholds!$E$6)/(Thresholds!$F$6-Thresholds!$E$6))*0.279,MAX(0.02,0.2-((F68-Thresholds!$G$6)/(Thresholds!$H$6-Thresholds!$G$6))*0.18)))),3) -> 0.545 | N68: =ROUND(IF(G68<=Thresholds!$B$7,1-(G68/Thresholds!$B$7)*0.24,IF(G68<=Thresholds!$D$7,0.75-((G68-Thresholds!$C$7)/(Thresholds!$D$7-Thresholds!$C$7))*0.249,IF(G68<=Thresholds!$F$7,0.499-((G68-Thresholds!$E$7)/(Thresholds!$F$7-Thresholds!$E$7))*0.279,MAX(0.02,0.2-((G68-Thresholds!$G$7)/(Thresholds!$H$7-Thresholds!$G$7))*0.18)))),3) -> 0.879 | O68: =ROUND(IF(H68<=Thresholds!$B$8,1-(H68/Thresholds!$B$8)*0.24,IF(H68<=Thresholds!$D$8,0.75-((H68-Thresholds!$C$8)/(Thresholds!$D$8-Thresholds!$C$8))*0.249,IF(H68<=Thresholds!$F$8,0.499-((H68-Thresholds!$E$8)/(Thresholds!$F$8-Thresholds!$E$8))*0.279,MAX(0.02,0.2-((H68-Thresholds!$G$8)/(Thresholds!$H$8-Thresholds!$G$8))*0.18)))),3) -> 0.91 | P68: =ROUND(MIN(I68:O68),3) -> 0.23 | Q68: =IF(P68>=0.751,"Healthy",IF(P68>=0.501,"Moderate",IF(P68>=0.201,"Poor","Critical"))) -> Poor | R68: =IF(P68>=0.5,1,0) -> 0 | S68: =IF(AND(F68>=10,F68<=35,P68>0.5),"ERROR_C68H68_POOR_CAP","OK") -> OK
A69: SYN-00068 | B69: 51.716 | C69: 71.78 | D69: 45.638 | E69: 250.39 | F69: 0.821 | G69: 333.084 | H69: 327.305 | I69: =ROUND(IF(B69<=Thresholds!$B$2,1-(B69/Thresholds!$B$2)*0.24,IF(B69<=Thresholds!$D$2,0.75-((B69-Thresholds!$C$2)/(Thresholds!$D$2-Thresholds!$C$2))*0.249,IF(B69<=Thresholds!$F$2,0.499-((B69-Thresholds!$E$2)/(Thresholds!$F$2-Thresholds!$E$2))*0.279,MAX(0.02,0.2-((B69-Thresholds!$G$2)/(Thresholds!$H$2-Thresholds!$G$2))*0.18)))),3) -> 0.876 | J69: =ROUND(IF(C69<=Thresholds!$B$3,1-(C69/Thresholds!$B$3)*0.24,IF(C69<=Thresholds!$D$3,0.75-((C69-Thresholds!$C$3)/(Thresholds!$D$3-Thresholds!$C$3))*0.249,IF(C69<=Thresholds!$F$3,0.499-((C69-Thresholds!$E$3)/(Thresholds!$F$3-Thresholds!$E$3))*0.279,MAX(0.02,0.2-((C69-Thresholds!$G$3)/(Thresholds!$H$3-Thresholds!$G$3))*0.18)))),3) -> 0.856 | K69: =ROUND(IF(D69<=Thresholds!$B$4,1-(D69/Thresholds!$B$4)*0.24,IF(D69<=Thresholds!$D$4,0.75-((D69-Thresholds!$C$4)/(Thresholds!$D$4-Thresholds!$C$4))*0.249,IF(D69<=Thresholds!$F$4,0.499-((D69-Thresholds!$E$4)/(Thresholds!$F$4-Thresholds!$E$4))*0.279,MAX(0.02,0.2-((D69-Thresholds!$G$4)/(Thresholds!$H$4-Thresholds!$G$4))*0.18)))),3) -> 0.831 | L69: =ROUND(IF(E69<=Thresholds!$B$5,1-(E69/Thresholds!$B$5)*0.24,IF(E69<=Thresholds!$D$5,0.75-((E69-Thresholds!$C$5)/(Thresholds!$D$5-Thresholds!$C$5))*0.249,IF(E69<=Thresholds!$F$5,0.499-((E69-Thresholds!$E$5)/(Thresholds!$F$5-Thresholds!$E$5))*0.279,MAX(0.02,0.2-((E69-Thresholds!$G$5)/(Thresholds!$H$5-Thresholds!$G$5))*0.18)))),3) -> 0.244 | M69: =ROUND(IF(F69<=Thresholds!$B$6,1-(F69/Thresholds!$B$6)*0.24,IF(F69<=Thresholds!$D$6,0.75-((F69-Thresholds!$C$6)/(Thresholds!$D$6-Thresholds!$C$6))*0.249,IF(F69<=Thresholds!$F$6,0.499-((F69-Thresholds!$E$6)/(Thresholds!$F$6-Thresholds!$E$6))*0.279,MAX(0.02,0.2-((F69-Thresholds!$G$6)/(Thresholds!$H$6-Thresholds!$G$6))*0.18)))),3) -> 0.803 | N69: =ROUND(IF(G69<=Thresholds!$B$7,1-(G69/Thresholds!$B$7)*0.24,IF(G69<=Thresholds!$D$7,0.75-((G69-Thresholds!$C$7)/(Thresholds!$D$7-Thresholds!$C$7))*0.249,IF(G69<=Thresholds!$F$7,0.499-((G69-Thresholds!$E$7)/(Thresholds!$F$7-Thresholds!$E$7))*0.279,MAX(0.02,0.2-((G69-Thresholds!$G$7)/(Thresholds!$H$7-Thresholds!$G$7))*0.18)))),3) -> 0.772 | O69: =ROUND(IF(H69<=Thresholds!$B$8,1-(H69/Thresholds!$B$8)*0.24,IF(H69<=Thresholds!$D$8,0.75-((H69-Thresholds!$C$8)/(Thresholds!$D$8-Thresholds!$C$8))*0.249,IF(H69<=Thresholds!$F$8,0.499-((H69-Thresholds!$E$8)/(Thresholds!$F$8-Thresholds!$E$8))*0.279,MAX(0.02,0.2-((H69-Thresholds!$G$8)/(Thresholds!$H$8-Thresholds!$G$8))*0.18)))),3) -> 0.969 | P69: =ROUND(MIN(I69:O69),3) -> 0.244 | Q69: =IF(P69>=0.751,"Healthy",IF(P69>=0.501,"Moderate",IF(P69>=0.201,"Poor","Critical"))) -> Poor | R69: =IF(P69>=0.5,1,0) -> 0 | S69: =IF(AND(F69>=10,F69<=35,P69>0.5),"ERROR_C69H69_POOR_CAP","OK") -> OK
A70: SYN-00069 | B70: 62.6 | C70: 96.144 | D70: 17.186 | E70: 27.322 | F70: 0.478 | G70: 164.705 | H70: 2167.896 | I70: =ROUND(IF(B70<=Thresholds!$B$2,1-(B70/Thresholds!$B$2)*0.24,IF(B70<=Thresholds!$D$2,0.75-((B70-Thresholds!$C$2)/(Thresholds!$D$2-Thresholds!$C$2))*0.249,IF(B70<=Thresholds!$F$2,0.499-((B70-Thresholds!$E$2)/(Thresholds!$F$2-Thresholds!$E$2))*0.279,MAX(0.02,0.2-((B70-Thresholds!$G$2)/(Thresholds!$H$2-Thresholds!$G$2))*0.18)))),3) -> 0.85 | J70: =ROUND(IF(C70<=Thresholds!$B$3,1-(C70/Thresholds!$B$3)*0.24,IF(C70<=Thresholds!$D$3,0.75-((C70-Thresholds!$C$3)/(Thresholds!$D$3-Thresholds!$C$3))*0.249,IF(C70<=Thresholds!$F$3,0.499-((C70-Thresholds!$E$3)/(Thresholds!$F$3-Thresholds!$E$3))*0.279,MAX(0.02,0.2-((C70-Thresholds!$G$3)/(Thresholds!$H$3-Thresholds!$G$3))*0.18)))),3) -> 0.808 | K70: =ROUND(IF(D70<=Thresholds!$B$4,1-(D70/Thresholds!$B$4)*0.24,IF(D70<=Thresholds!$D$4,0.75-((D70-Thresholds!$C$4)/(Thresholds!$D$4-Thresholds!$C$4))*0.249,IF(D70<=Thresholds!$F$4,0.499-((D70-Thresholds!$E$4)/(Thresholds!$F$4-Thresholds!$E$4))*0.279,MAX(0.02,0.2-((D70-Thresholds!$G$4)/(Thresholds!$H$4-Thresholds!$G$4))*0.18)))),3) -> 0.937 | L70: =ROUND(IF(E70<=Thresholds!$B$5,1-(E70/Thresholds!$B$5)*0.24,IF(E70<=Thresholds!$D$5,0.75-((E70-Thresholds!$C$5)/(Thresholds!$D$5-Thresholds!$C$5))*0.249,IF(E70<=Thresholds!$F$5,0.499-((E70-Thresholds!$E$5)/(Thresholds!$F$5-Thresholds!$E$5))*0.279,MAX(0.02,0.2-((E70-Thresholds!$G$5)/(Thresholds!$H$5-Thresholds!$G$5))*0.18)))),3) -> 0.869 | M70: =ROUND(IF(F70<=Thresholds!$B$6,1-(F70/Thresholds!$B$6)*0.24,IF(F70<=Thresholds!$D$6,0.75-((F70-Thresholds!$C$6)/(Thresholds!$D$6-Thresholds!$C$6))*0.249,IF(F70<=Thresholds!$F$6,0.499-((F70-Thresholds!$E$6)/(Thresholds!$F$6-Thresholds!$E$6))*0.279,MAX(0.02,0.2-((F70-Thresholds!$G$6)/(Thresholds!$H$6-Thresholds!$G$6))*0.18)))),3) -> 0.885 | N70: =ROUND(IF(G70<=Thresholds!$B$7,1-(G70/Thresholds!$B$7)*0.24,IF(G70<=Thresholds!$D$7,0.75-((G70-Thresholds!$C$7)/(Thresholds!$D$7-Thresholds!$C$7))*0.249,IF(G70<=Thresholds!$F$7,0.499-((G70-Thresholds!$E$7)/(Thresholds!$F$7-Thresholds!$E$7))*0.279,MAX(0.02,0.2-((G70-Thresholds!$G$7)/(Thresholds!$H$7-Thresholds!$G$7))*0.18)))),3) -> 0.887 | O70: =ROUND(IF(H70<=Thresholds!$B$8,1-(H70/Thresholds!$B$8)*0.24,IF(H70<=Thresholds!$D$8,0.75-((H70-Thresholds!$C$8)/(Thresholds!$D$8-Thresholds!$C$8))*0.249,IF(H70<=Thresholds!$F$8,0.499-((H70-Thresholds!$E$8)/(Thresholds!$F$8-Thresholds!$E$8))*0.279,MAX(0.02,0.2-((H70-Thresholds!$G$8)/(Thresholds!$H$8-Thresholds!$G$8))*0.18)))),3) -> 0.792 | P70: =ROUND(MIN(I70:O70),3) -> 0.792 | Q70: =IF(P70>=0.751,"Healthy",IF(P70>=0.501,"Moderate",IF(P70>=0.201,"Poor","Critical"))) -> Healthy | R70: =IF(P70>=0.5,1,0) -> 1 | S70: =IF(AND(F70>=10,F70<=35,P70>0.5),"ERROR_C70H70_POOR_CAP","OK") -> OK
A71: SYN-00070 | B71: 34.011 | C71: 164.673 | D71: 40.895 | E71: 83.361 | F71: 0.95 | G71: 86.589 | H71: 626.185 | I71: =ROUND(IF(B71<=Thresholds!$B$2,1-(B71/Thresholds!$B$2)*0.24,IF(B71<=Thresholds!$D$2,0.75-((B71-Thresholds!$C$2)/(Thresholds!$D$2-Thresholds!$C$2))*0.249,IF(B71<=Thresholds!$F$2,0.499-((B71-Thresholds!$E$2)/(Thresholds!$F$2-Thresholds!$E$2))*0.279,MAX(0.02,0.2-((B71-Thresholds!$G$2)/(Thresholds!$H$2-Thresholds!$G$2))*0.18)))),3) -> 0.918 | J71: =ROUND(IF(C71<=Thresholds!$B$3,1-(C71/Thresholds!$B$3)*0.24,IF(C71<=Thresholds!$D$3,0.75-((C71-Thresholds!$C$3)/(Thresholds!$D$3-Thresholds!$C$3))*0.249,IF(C71<=Thresholds!$F$3,0.499-((C71-Thresholds!$E$3)/(Thresholds!$F$3-Thresholds!$E$3))*0.279,MAX(0.02,0.2-((C71-Thresholds!$G$3)/(Thresholds!$H$3-Thresholds!$G$3))*0.18)))),3) -> 0.711 | K71: =ROUND(IF(D71<=Thresholds!$B$4,1-(D71/Thresholds!$B$4)*0.24,IF(D71<=Thresholds!$D$4,0.75-((D71-Thresholds!$C$4)/(Thresholds!$D$4-Thresholds!$C$4))*0.249,IF(D71<=Thresholds!$F$4,0.499-((D71-Thresholds!$E$4)/(Thresholds!$F$4-Thresholds!$E$4))*0.279,MAX(0.02,0.2-((D71-Thresholds!$G$4)/(Thresholds!$H$4-Thresholds!$G$4))*0.18)))),3) -> 0.849 | L71: =ROUND(IF(E71<=Thresholds!$B$5,1-(E71/Thresholds!$B$5)*0.24,IF(E71<=Thresholds!$D$5,0.75-((E71-Thresholds!$C$5)/(Thresholds!$D$5-Thresholds!$C$5))*0.249,IF(E71<=Thresholds!$F$5,0.499-((E71-Thresholds!$E$5)/(Thresholds!$F$5-Thresholds!$E$5))*0.279,MAX(0.02,0.2-((E71-Thresholds!$G$5)/(Thresholds!$H$5-Thresholds!$G$5))*0.18)))),3) -> 0.586 | M71: =ROUND(IF(F71<=Thresholds!$B$6,1-(F71/Thresholds!$B$6)*0.24,IF(F71<=Thresholds!$D$6,0.75-((F71-Thresholds!$C$6)/(Thresholds!$D$6-Thresholds!$C$6))*0.249,IF(F71<=Thresholds!$F$6,0.499-((F71-Thresholds!$E$6)/(Thresholds!$F$6-Thresholds!$E$6))*0.279,MAX(0.02,0.2-((F71-Thresholds!$G$6)/(Thresholds!$H$6-Thresholds!$G$6))*0.18)))),3) -> 0.772 | N71: =ROUND(IF(G71<=Thresholds!$B$7,1-(G71/Thresholds!$B$7)*0.24,IF(G71<=Thresholds!$D$7,0.75-((G71-Thresholds!$C$7)/(Thresholds!$D$7-Thresholds!$C$7))*0.249,IF(G71<=Thresholds!$F$7,0.499-((G71-Thresholds!$E$7)/(Thresholds!$F$7-Thresholds!$E$7))*0.279,MAX(0.02,0.2-((G71-Thresholds!$G$7)/(Thresholds!$H$7-Thresholds!$G$7))*0.18)))),3) -> 0.941 | O71: =ROUND(IF(H71<=Thresholds!$B$8,1-(H71/Thresholds!$B$8)*0.24,IF(H71<=Thresholds!$D$8,0.75-((H71-Thresholds!$C$8)/(Thresholds!$D$8-Thresholds!$C$8))*0.249,IF(H71<=Thresholds!$F$8,0.499-((H71-Thresholds!$E$8)/(Thresholds!$F$8-Thresholds!$E$8))*0.279,MAX(0.02,0.2-((H71-Thresholds!$G$8)/(Thresholds!$H$8-Thresholds!$G$8))*0.18)))),3) -> 0.94 | P71: =ROUND(MIN(I71:O71),3) -> 0.586 | Q71: =IF(P71>=0.751,"Healthy",IF(P71>=0.501,"Moderate",IF(P71>=0.201,"Poor","Critical"))) -> Moderate | R71: =IF(P71>=0.5,1,0) -> 1 | S71: =IF(AND(F71>=10,F71<=35,P71>0.5),"ERROR_C71H71_POOR_CAP","OK") -> OK
A72: SYN-00071 | B72: 47.798 | C72: 73.694 | D72: 21.235 | E72: 169.051 | F72: 0.722 | G72: 251.243 | H72: 1203.324 | I72: =ROUND(IF(B72<=Thresholds!$B$2,1-(B72/Thresholds!$B$2)*0.24,IF(B72<=Thresholds!$D$2,0.75-((B72-Thresholds!$C$2)/(Thresholds!$D$2-Thresholds!$C$2))*0.249,IF(B72<=Thresholds!$F$2,0.499-((B72-Thresholds!$E$2)/(Thresholds!$F$2-Thresholds!$E$2))*0.279,MAX(0.02,0.2-((B72-Thresholds!$G$2)/(Thresholds!$H$2-Thresholds!$G$2))*0.18)))),3) -> 0.885 | J72: =ROUND(IF(C72<=Thresholds!$B$3,1-(C72/Thresholds!$B$3)*0.24,IF(C72<=Thresholds!$D$3,0.75-((C72-Thresholds!$C$3)/(Thresholds!$D$3-Thresholds!$C$3))*0.249,IF(C72<=Thresholds!$F$3,0.499-((C72-Thresholds!$E$3)/(Thresholds!$F$3-Thresholds!$E$3))*0.279,MAX(0.02,0.2-((C72-Thresholds!$G$3)/(Thresholds!$H$3-Thresholds!$G$3))*0.18)))),3) -> 0.853 | K72: =ROUND(IF(D72<=Thresholds!$B$4,1-(D72/Thresholds!$B$4)*0.24,IF(D72<=Thresholds!$D$4,0.75-((D72-Thresholds!$C$4)/(Thresholds!$D$4-Thresholds!$C$4))*0.249,IF(D72<=Thresholds!$F$4,0.499-((D72-Thresholds!$E$4)/(Thresholds!$F$4-Thresholds!$E$4))*0.279,MAX(0.02,0.2-((D72-Thresholds!$G$4)/(Thresholds!$H$4-Thresholds!$G$4))*0.18)))),3) -> 0.922 | L72: =ROUND(IF(E72<=Thresholds!$B$5,1-(E72/Thresholds!$B$5)*0.24,IF(E72<=Thresholds!$D$5,0.75-((E72-Thresholds!$C$5)/(Thresholds!$D$5-Thresholds!$C$5))*0.249,IF(E72<=Thresholds!$F$5,0.499-((E72-Thresholds!$E$5)/(Thresholds!$F$5-Thresholds!$E$5))*0.279,MAX(0.02,0.2-((E72-Thresholds!$G$5)/(Thresholds!$H$5-Thresholds!$G$5))*0.18)))),3) -> 0.307 | M72: =ROUND(IF(F72<=Thresholds!$B$6,1-(F72/Thresholds!$B$6)*0.24,IF(F72<=Thresholds!$D$6,0.75-((F72-Thresholds!$C$6)/(Thresholds!$D$6-Thresholds!$C$6))*0.249,IF(F72<=Thresholds!$F$6,0.499-((F72-Thresholds!$E$6)/(Thresholds!$F$6-Thresholds!$E$6))*0.279,MAX(0.02,0.2-((F72-Thresholds!$G$6)/(Thresholds!$H$6-Thresholds!$G$6))*0.18)))),3) -> 0.827 | N72: =ROUND(IF(G72<=Thresholds!$B$7,1-(G72/Thresholds!$B$7)*0.24,IF(G72<=Thresholds!$D$7,0.75-((G72-Thresholds!$C$7)/(Thresholds!$D$7-Thresholds!$C$7))*0.249,IF(G72<=Thresholds!$F$7,0.499-((G72-Thresholds!$E$7)/(Thresholds!$F$7-Thresholds!$E$7))*0.279,MAX(0.02,0.2-((G72-Thresholds!$G$7)/(Thresholds!$H$7-Thresholds!$G$7))*0.18)))),3) -> 0.828 | O72: =ROUND(IF(H72<=Thresholds!$B$8,1-(H72/Thresholds!$B$8)*0.24,IF(H72<=Thresholds!$D$8,0.75-((H72-Thresholds!$C$8)/(Thresholds!$D$8-Thresholds!$C$8))*0.249,IF(H72<=Thresholds!$F$8,0.499-((H72-Thresholds!$E$8)/(Thresholds!$F$8-Thresholds!$E$8))*0.279,MAX(0.02,0.2-((H72-Thresholds!$G$8)/(Thresholds!$H$8-Thresholds!$G$8))*0.18)))),3) -> 0.884 | P72: =ROUND(MIN(I72:O72),3) -> 0.307 | Q72: =IF(P72>=0.751,"Healthy",IF(P72>=0.501,"Moderate",IF(P72>=0.201,"Poor","Critical"))) -> Poor | R72: =IF(P72>=0.5,1,0) -> 0 | S72: =IF(AND(F72>=10,F72<=35,P72>0.5),"ERROR_C72H72_POOR_CAP","OK") -> OK
A73: SYN-00072 | B73: 575.785 | C73: 73.236 | D73: 52.891 | E73: 11.896 | F73: 0.159 | G73: 92.249 | H73: 12657.059 | I73: =ROUND(IF(B73<=Thresholds!$B$2,1-(B73/Thresholds!$B$2)*0.24,IF(B73<=Thresholds!$D$2,0.75-((B73-Thresholds!$C$2)/(Thresholds!$D$2-Thresholds!$C$2))*0.249,IF(B73<=Thresholds!$F$2,0.499-((B73-Thresholds!$E$2)/(Thresholds!$F$2-Thresholds!$E$2))*0.279,MAX(0.02,0.2-((B73-Thresholds!$G$2)/(Thresholds!$H$2-Thresholds!$G$2))*0.18)))),3) -> 0.553 | J73: =ROUND(IF(C73<=Thresholds!$B$3,1-(C73/Thresholds!$B$3)*0.24,IF(C73<=Thresholds!$D$3,0.75-((C73-Thresholds!$C$3)/(Thresholds!$D$3-Thresholds!$C$3))*0.249,IF(C73<=Thresholds!$F$3,0.499-((C73-Thresholds!$E$3)/(Thresholds!$F$3-Thresholds!$E$3))*0.279,MAX(0.02,0.2-((C73-Thresholds!$G$3)/(Thresholds!$H$3-Thresholds!$G$3))*0.18)))),3) -> 0.854 | K73: =ROUND(IF(D73<=Thresholds!$B$4,1-(D73/Thresholds!$B$4)*0.24,IF(D73<=Thresholds!$D$4,0.75-((D73-Thresholds!$C$4)/(Thresholds!$D$4-Thresholds!$C$4))*0.249,IF(D73<=Thresholds!$F$4,0.499-((D73-Thresholds!$E$4)/(Thresholds!$F$4-Thresholds!$E$4))*0.279,MAX(0.02,0.2-((D73-Thresholds!$G$4)/(Thresholds!$H$4-Thresholds!$G$4))*0.18)))),3) -> 0.805 | L73: =ROUND(IF(E73<=Thresholds!$B$5,1-(E73/Thresholds!$B$5)*0.24,IF(E73<=Thresholds!$D$5,0.75-((E73-Thresholds!$C$5)/(Thresholds!$D$5-Thresholds!$C$5))*0.249,IF(E73<=Thresholds!$F$5,0.499-((E73-Thresholds!$E$5)/(Thresholds!$F$5-Thresholds!$E$5))*0.279,MAX(0.02,0.2-((E73-Thresholds!$G$5)/(Thresholds!$H$5-Thresholds!$G$5))*0.18)))),3) -> 0.943 | M73: =ROUND(IF(F73<=Thresholds!$B$6,1-(F73/Thresholds!$B$6)*0.24,IF(F73<=Thresholds!$D$6,0.75-((F73-Thresholds!$C$6)/(Thresholds!$D$6-Thresholds!$C$6))*0.249,IF(F73<=Thresholds!$F$6,0.499-((F73-Thresholds!$E$6)/(Thresholds!$F$6-Thresholds!$E$6))*0.279,MAX(0.02,0.2-((F73-Thresholds!$G$6)/(Thresholds!$H$6-Thresholds!$G$6))*0.18)))),3) -> 0.962 | N73: =ROUND(IF(G73<=Thresholds!$B$7,1-(G73/Thresholds!$B$7)*0.24,IF(G73<=Thresholds!$D$7,0.75-((G73-Thresholds!$C$7)/(Thresholds!$D$7-Thresholds!$C$7))*0.249,IF(G73<=Thresholds!$F$7,0.499-((G73-Thresholds!$E$7)/(Thresholds!$F$7-Thresholds!$E$7))*0.279,MAX(0.02,0.2-((G73-Thresholds!$G$7)/(Thresholds!$H$7-Thresholds!$G$7))*0.18)))),3) -> 0.937 | O73: =ROUND(IF(H73<=Thresholds!$B$8,1-(H73/Thresholds!$B$8)*0.24,IF(H73<=Thresholds!$D$8,0.75-((H73-Thresholds!$C$8)/(Thresholds!$D$8-Thresholds!$C$8))*0.249,IF(H73<=Thresholds!$F$8,0.499-((H73-Thresholds!$E$8)/(Thresholds!$F$8-Thresholds!$E$8))*0.279,MAX(0.02,0.2-((H73-Thresholds!$G$8)/(Thresholds!$H$8-Thresholds!$G$8))*0.18)))),3) -> 0.248 | P73: =ROUND(MIN(I73:O73),3) -> 0.248 | Q73: =IF(P73>=0.751,"Healthy",IF(P73>=0.501,"Moderate",IF(P73>=0.201,"Poor","Critical"))) -> Poor | R73: =IF(P73>=0.5,1,0) -> 0 | S73: =IF(AND(F73>=10,F73<=35,P73>0.5),"ERROR_C73H73_POOR_CAP","OK") -> OK
